pos_idx,ra,dec,src_index,num_matches,obs_jd,obs_date,mag,exp_duration_s,n_plates_total,n_study_plates,kp_max_02d,kp_bin,kp_label,nuclear_window
0,0.0,-60.0,330,1,2433097.571315,1949-06-30,15.794242858886719,,2607,109,3.667,0,Quiet (<5),False
1,14.4,-60.0,345,1,2433151.472023,1949-08-22,16.665241241455078,,2629,115,3.333,0,Quiet (<5),False
6,86.4,-60.0,417,1,2433421.241052,1950-05-19,13.406933784484863,,2387,90,3.0,0,Quiet (<5),False
7,100.8,-60.0,144,1,2433421.241489,1950-05-19,15.475241661071777,,2126,107,3.0,0,Quiet (<5),False
8,115.2,-60.0,662,1,2433054.230915,1949-05-17,14.435112953186035,,2189,108,4.0,0,Quiet (<5),False
8,115.2,-60.0,903,1,2433040.286064,1949-05-03,14.486952781677246,,2237,104,7.0,3,G3 (7),False
9,129.6,-60.0,336,1,2433052.242961,1949-05-15,16.870546340942383,,2362,153,8.0,4,G4-G5 (>=8),False
9,129.6,-60.0,411,1,2432969.341071,1949-02-21,14.664052963256836,,2387,154,5.0,1,G1 (5),False
9,129.6,-60.0,444,1,2433052.242952,1949-05-15,16.741798400878906,,2387,154,8.0,4,G4-G5 (>=8),False
9,129.6,-60.0,468,1,2434898.222282,1954-06-04,14.495797157287598,,2387,154,3.333,0,Quiet (<5),False
9,129.6,-60.0,526,1,2433000.370506,1949-03-24,17.2003173828125,,2362,153,7.667,3,G3 (7),False
9,129.6,-60.0,529,1,2432954.457251,1949-02-06,13.138171195983887,,2388,155,6.333,2,G2 (6),False
9,129.6,-60.0,613,1,2434898.219879,1954-06-04,14.141494750976562,,2362,153,3.333,0,Quiet (<5),False
9,129.6,-60.0,617,1,2432951.316832,1949-02-03,16.101316452026367,,2387,154,4.667,0,Quiet (<5),False
9,129.6,-60.0,700,1,2432951.316833,1949-02-03,16.02909278869629,,2387,154,4.667,0,Quiet (<5),False
9,129.6,-60.0,764,1,2434898.203253,1954-06-04,11.921709060668945,,2387,154,3.333,0,Quiet (<5),False
9,129.6,-60.0,796,1,2433391.296117,1950-04-19,13.826116561889648,,2362,153,4.667,0,Quiet (<5),False
9,129.6,-60.0,847,1,2432951.316806,1949-02-03,16.6789608001709,,2362,153,4.667,0,Quiet (<5),False
9,129.6,-60.0,870,1,2433719.243263,1951-03-13,11.672945022583008,,2388,155,6.667,2,G2 (6),False
9,129.6,-60.0,882,1,2434898.222289,1954-06-04,14.430275917053223,,2387,154,3.333,0,Quiet (<5),False
9,129.6,-60.0,1018,1,2432951.316808,1949-02-03,16.611194610595703,,2362,153,4.667,0,Quiet (<5),False
9,129.6,-60.0,1027,1,2432998.402299,1949-03-22,14.372759819030762,,2363,154,7.667,3,G3 (7),False
9,129.6,-60.0,1087,1,2434029.342933,1952-01-17,16.912996292114258,,2362,153,6.0,2,G2 (6),False
9,129.6,-60.0,1100,1,2434098.31615,1952-03-26,13.048794746398926,,2363,154,5.667,1,G1 (5),False
9,129.6,-60.0,1134,1,2433661.380544,1951-01-14,16.72919464111328,,2387,154,4.333,0,Quiet (<5),False
9,129.6,-60.0,1301,1,2433011.387172,1949-04-04,12.957267761230469,,2363,154,3.333,0,Quiet (<5),False
9,129.6,-60.0,1302,1,2432998.402301,1949-03-22,14.411848068237305,,2363,154,7.667,3,G3 (7),False
9,129.6,-60.0,1533,1,2432951.316839,1949-02-03,16.66977882385254,,2387,154,4.667,0,Quiet (<5),False
9,129.6,-60.0,1592,1,2434481.284846,1953-04-13,13.006640434265137,,2387,154,4.667,0,Quiet (<5),False
9,129.6,-60.0,1606,1,2433661.380515,1951-01-14,16.757991790771484,,2362,153,4.333,0,Quiet (<5),False
9,129.6,-60.0,1662,1,2433111.223816,1949-07-13,13.939679145812988,,2387,154,5.0,1,G1 (5),False
9,129.6,-60.0,1800,1,2434898.222308,1954-06-04,13.569066047668457,,2362,153,3.333,0,Quiet (<5),False
9,129.6,-60.0,1903,1,2433661.380509,1951-01-14,16.108642578125,,2362,153,4.333,0,Quiet (<5),False
9,129.6,-60.0,1944,1,2433736.249137,1951-03-30,13.192392349243164,,2388,155,5.333,1,G1 (5),False
9,129.6,-60.0,2079,1,2432998.402277,1949-03-22,14.425135612487793,,2363,154,7.667,3,G3 (7),False
9,129.6,-60.0,2304,1,2434898.222265,1954-06-04,14.52304744720459,,2371,153,3.333,0,Quiet (<5),False
9,129.6,-60.0,2406,1,2433661.380513,1951-01-14,16.849027633666992,,2362,153,4.333,0,Quiet (<5),False
9,129.6,-60.0,2513,1,2433000.370539,1949-03-24,16.868358612060547,,2387,154,7.667,3,G3 (7),False
9,129.6,-60.0,2518,1,2432951.316836,1949-02-03,16.220775604248047,,2371,153,4.667,0,Quiet (<5),False
9,129.6,-60.0,2579,1,2433719.243271,1951-03-13,11.209281921386719,,2363,154,6.667,2,G2 (6),False
9,129.6,-60.0,2626,1,2432951.3168,1949-02-03,16.07984161376953,,2362,153,4.667,0,Quiet (<5),False
9,129.6,-60.0,2785,1,2434898.222321,1954-06-04,14.356878280639648,,2362,153,3.333,0,Quiet (<5),False
10,144.0,-60.0,266,1,2433063.20774,1949-05-26,16.05933380126953,,2915,140,3.667,0,Quiet (<5),False
11,158.4,-60.0,110,1,2434545.220098,1953-06-16,14.162689208984375,,3639,251,2.667,0,Quiet (<5),False
11,158.4,-60.0,116,1,2433440.256612,1950-06-07,16.22318458557129,,3733,242,6.0,2,G2 (6),False
11,158.4,-60.0,199,1,2434898.294891,1954-06-04,15.111186981201172,,3733,242,3.333,0,Quiet (<5),False
11,158.4,-60.0,270,1,2434896.23152,1954-06-02,14.3516263961792,,3639,251,3.0,0,Quiet (<5),False
11,158.4,-60.0,308,1,2434902.263033,1954-06-08,13.13192367553711,,3724,240,3.0,0,Quiet (<5),False
11,158.4,-60.0,347,1,2434902.263039,1954-06-08,12.964973449707031,,3639,251,3.0,0,Quiet (<5),False
11,158.4,-60.0,636,1,2434422.554266,1953-02-14,11.323827743530273,,3733,242,3.667,0,Quiet (<5),False
11,158.4,-60.0,804,1,2434902.237063,1954-06-08,12.458101272583008,,3639,251,3.0,0,Quiet (<5),False
11,158.4,-60.0,929,1,2434896.256808,1954-06-02,14.983027458190918,,3640,252,3.0,0,Quiet (<5),False
11,158.4,-60.0,943,1,2434545.244346,1953-06-16,13.989252090454102,,3733,242,2.667,0,Quiet (<5),False
11,158.4,-60.0,972,1,2434545.220096,1953-06-16,14.045909881591797,,3724,240,2.667,0,Quiet (<5),False
11,158.4,-60.0,1065,1,2434546.2111,1953-06-17,11.946822166442871,,3639,251,3.333,0,Quiet (<5),False
11,158.4,-60.0,1069,1,2434902.486382,1954-06-08,12.439119338989258,,3639,251,3.0,0,Quiet (<5),False
11,158.4,-60.0,1091,1,2433473.203737,1950-07-10,13.176365852355957,,3639,251,3.667,0,Quiet (<5),False
11,158.4,-60.0,1099,1,2434545.213868,1953-06-16,13.726309776306152,,3639,251,2.667,0,Quiet (<5),False
11,158.4,-60.0,1128,1,2434415.593854,1953-02-07,12.866463661193848,,3733,242,2.0,0,Quiet (<5),False
11,158.4,-60.0,1149,1,2434902.263029,1954-06-08,12.788640975952148,,3724,240,3.0,0,Quiet (<5),False
11,158.4,-60.0,1287,1,2434435.521331,1953-02-27,13.22669506072998,,3733,242,5.667,1,G1 (5),False
11,158.4,-60.0,1363,1,2434896.23153,1954-06-02,14.372785568237305,,3733,242,3.0,0,Quiet (<5),False
11,158.4,-60.0,1382,1,2433769.34827,1951-05-02,14.99292278289795,,3640,252,7.333,3,G3 (7),False
11,158.4,-60.0,1389,1,2433451.219154,1950-06-18,16.47833824157715,,3733,242,4.0,0,Quiet (<5),False
11,158.4,-60.0,1565,1,2434422.556338,1953-02-14,11.708656311035156,,3733,242,3.667,0,Quiet (<5),False
11,158.4,-60.0,1613,1,2434100.23653,1952-03-28,16.1483097076416,,3724,240,4.667,0,Quiet (<5),False
11,158.4,-60.0,1674,1,2433468.205156,1950-07-05,15.555044174194336,,3724,240,6.0,2,G2 (6),False
11,158.4,-60.0,1695,1,2433750.221668,1951-04-13,13.136279106140137,,3639,251,6.0,2,G2 (6),False
11,158.4,-60.0,1955,1,2434433.54336,1953-02-25,12.995827674865723,,3639,251,6.0,2,G2 (6),False
11,158.4,-60.0,2019,1,2433012.228663,1949-04-05,16.46088981628418,,3724,240,3.333,0,Quiet (<5),False
11,158.4,-60.0,2169,1,2434100.236529,1952-03-28,15.728433609008789,,3724,240,4.667,0,Quiet (<5),False
11,158.4,-60.0,2301,1,2434545.238104,1953-06-16,14.134757041931152,,3724,240,2.667,0,Quiet (<5),False
11,158.4,-60.0,2308,1,2433451.28515,1950-06-18,15.951769828796387,,3733,242,4.0,0,Quiet (<5),False
11,158.4,-60.0,2368,1,2434433.526742,1953-02-25,13.574867248535156,,3639,251,6.0,2,G2 (6),False
11,158.4,-60.0,2496,1,2433481.222371,1950-07-18,13.797599792480469,,3733,242,4.0,0,Quiet (<5),False
11,158.4,-60.0,2545,1,2433764.269897,1951-04-27,12.4701509475708,,3639,251,5.667,1,G1 (5),False
11,158.4,-60.0,2549,1,2434902.48637,1954-06-08,12.426474571228027,,3639,251,3.0,0,Quiet (<5),False
11,158.4,-60.0,2593,1,2433484.218166,1950-07-21,13.70655632019043,,3639,251,3.0,0,Quiet (<5),False
11,158.4,-60.0,2733,1,2434422.575039,1953-02-14,11.144734382629395,,3724,240,3.667,0,Quiet (<5),False
11,158.4,-60.0,2759,1,2434545.220106,1953-06-16,14.201845169067383,,3639,251,2.667,0,Quiet (<5),False
11,158.4,-60.0,2761,1,2434545.220098,1953-06-16,14.433231353759766,,3639,251,2.667,0,Quiet (<5),False
11,158.4,-60.0,2842,1,2433474.214098,1950-07-11,15.718149185180664,,3639,251,6.0,2,G2 (6),False
11,158.4,-60.0,2881,1,2434399.405463,1953-01-21,13.925479888916016,,3733,242,5.333,1,G1 (5),False
11,158.4,-60.0,3057,1,2434415.593859,1953-02-07,13.600659370422363,,3724,240,2.0,0,Quiet (<5),False
11,158.4,-60.0,3156,1,2434505.261761,1953-05-07,14.300065040588379,,3725,241,5.667,1,G1 (5),True
11,158.4,-60.0,3239,1,2434433.524649,1953-02-25,12.950098037719727,,3724,240,6.0,2,G2 (6),False
11,158.4,-60.0,3295,1,2434433.526745,1953-02-25,12.749460220336914,,3639,251,6.0,2,G2 (6),False
11,158.4,-60.0,3475,1,2434545.23812,1953-06-16,13.335488319396973,,3733,242,2.667,0,Quiet (<5),False
11,158.4,-60.0,3506,1,2433481.222364,1950-07-18,12.505936622619629,,3725,241,4.0,0,Quiet (<5),False
11,158.4,-60.0,3583,1,2434415.591779,1953-02-07,13.2214994430542,,3639,251,2.0,0,Quiet (<5),False
11,158.4,-60.0,3714,1,2433743.307245,1951-04-06,14.722323417663574,,3733,242,6.333,2,G2 (6),True
11,158.4,-60.0,3827,1,2434422.548029,1953-02-14,12.183815956115723,,3724,240,3.667,0,Quiet (<5),False
11,158.4,-60.0,3840,1,2434433.518426,1953-02-25,12.710976600646973,,3639,251,6.0,2,G2 (6),False
11,158.4,-60.0,3923,1,2434902.486388,1954-06-08,12.363574981689453,,3733,242,3.0,0,Quiet (<5),False
11,158.4,-60.0,4043,1,2433084.208438,1949-06-16,16.390352249145508,,3640,252,3.667,0,Quiet (<5),False
11,158.4,-60.0,4169,1,2434505.261757,1953-05-07,14.51343059539795,,3725,241,5.667,1,G1 (5),True
11,158.4,-60.0,4264,1,2434896.236381,1954-06-02,13.132660865783691,,3639,251,3.0,0,Quiet (<5),False
11,158.4,-60.0,4270,1,2433481.222343,1950-07-18,13.724878311157227,,3639,251,4.0,0,Quiet (<5),False
11,158.4,-60.0,4325,1,2433473.195425,1950-07-10,13.053167343139648,,3639,251,3.667,0,Quiet (<5),False
11,158.4,-60.0,4464,1,2433451.21916,1950-06-18,16.293899536132812,,3733,242,4.0,0,Quiet (<5),False
11,158.4,-60.0,4576,1,2433056.308787,1949-05-19,12.875953674316406,,3640,252,3.667,0,Quiet (<5),False
11,158.4,-60.0,4587,1,2434545.220117,1953-06-16,14.017777442932129,,3733,242,2.667,0,Quiet (<5),False
11,158.4,-60.0,4595,1,2434435.521354,1953-02-27,11.894197463989258,,3639,251,5.667,1,G1 (5),False
11,158.4,-60.0,4644,1,2433484.218195,1950-07-21,13.838946342468262,,3733,242,3.0,0,Quiet (<5),False
11,158.4,-60.0,4664,1,2434100.236551,1952-03-28,15.284382820129395,,3639,251,4.667,0,Quiet (<5),False
11,158.4,-60.0,4845,1,2434546.217341,1953-06-17,13.758272171020508,,3733,242,3.333,0,Quiet (<5),False
11,158.4,-60.0,4905,1,2434545.238101,1953-06-16,13.885869026184082,,3724,240,2.667,0,Quiet (<5),False
11,158.4,-60.0,4909,1,2434422.531397,1953-02-14,10.824546813964844,,3734,243,3.667,0,Quiet (<5),False
11,158.4,-60.0,5018,1,2434422.531398,1953-02-14,10.708685874938965,,3734,243,3.667,0,Quiet (<5),False
11,158.4,-60.0,5066,1,2434902.237059,1954-06-08,12.445125579833984,,3724,240,3.0,0,Quiet (<5),False
11,158.4,-60.0,5110,1,2433764.208968,1951-04-27,13.121853828430176,,3639,251,5.667,1,G1 (5),False
11,158.4,-60.0,5122,1,2433440.256595,1950-06-07,16.610504150390625,,3725,241,6.0,2,G2 (6),False
11,158.4,-60.0,5313,1,2434902.252641,1954-06-08,13.057883262634277,,3724,240,3.0,0,Quiet (<5),False
11,158.4,-60.0,5421,1,2434546.21734,1953-06-17,13.839340209960938,,3639,251,3.333,0,Quiet (<5),False
11,158.4,-60.0,5543,1,2434435.521322,1953-02-27,11.998802185058594,,3733,242,5.667,1,G1 (5),False
11,158.4,-60.0,5595,1,2434435.513039,1953-02-27,11.579422950744629,,3630,237,5.667,1,G1 (5),False
11,158.4,-60.0,5690,1,2434902.241235,1954-06-08,12.099793434143066,,3733,242,3.0,0,Quiet (<5),False
11,158.4,-60.0,5744,1,2433477.212025,1950-07-14,13.422674179077148,,3733,242,7.0,3,G3 (7),False
11,158.4,-60.0,5877,1,2434902.252635,1954-06-08,13.1863431930542,,3724,240,3.0,0,Quiet (<5),False
11,158.4,-60.0,5999,1,2434545.24433,1953-06-16,13.620180130004883,,3724,240,2.667,0,Quiet (<5),False
11,158.4,-60.0,6028,1,2434546.217343,1953-06-17,13.858776092529297,,3639,251,3.333,0,Quiet (<5),False
11,158.4,-60.0,6132,1,2434902.237077,1954-06-08,12.299484252929688,,3639,251,3.0,0,Quiet (<5),False
11,158.4,-60.0,6198,1,2434100.236548,1952-03-28,16.288354873657227,,3733,242,4.667,0,Quiet (<5),False
11,158.4,-60.0,6474,1,2434902.263016,1954-06-08,13.111785888671875,,3630,237,3.0,0,Quiet (<5),False
11,158.4,-60.0,6520,1,2433484.218187,1950-07-21,13.77504825592041,,3639,251,3.0,0,Quiet (<5),False
11,158.4,-60.0,6579,1,2434545.19587,1953-06-16,13.725326538085938,,3639,251,2.667,0,Quiet (<5),False
11,158.4,-60.0,6981,1,2433774.219572,1951-05-07,15.075716972351074,,3639,251,4.0,0,Quiet (<5),True
11,158.4,-60.0,7003,1,2434100.236537,1952-03-28,16.09161376953125,,3733,242,4.667,0,Quiet (<5),False
11,158.4,-60.0,7259,1,2434902.252626,1954-06-08,13.015286445617676,,3630,237,3.0,0,Quiet (<5),False
11,158.4,-60.0,7377,1,2434902.237065,1954-06-08,12.501630783081055,,3639,251,3.0,0,Quiet (<5),False
11,158.4,-60.0,7384,1,2434896.231537,1954-06-02,14.382984161376953,,3639,251,3.0,0,Quiet (<5),False
11,158.4,-60.0,7492,1,2433479.257716,1950-07-16,13.766910552978516,,3733,242,4.0,0,Quiet (<5),False
11,158.4,-60.0,7735,1,2433764.269888,1951-04-27,12.693408012390137,,3733,242,5.667,1,G1 (5),False
11,158.4,-60.0,7750,1,2433764.34194,1951-04-27,14.52182674407959,,3639,251,5.667,1,G1 (5),False
11,158.4,-60.0,7942,1,2434433.526742,1953-02-25,13.297374725341797,,3630,237,6.0,2,G2 (6),False
11,158.4,-60.0,7986,1,2434545.238102,1953-06-16,13.74459457397461,,3639,251,2.667,0,Quiet (<5),False
11,158.4,-60.0,7983,1,2433481.222371,1950-07-18,13.641345977783203,,3725,241,4.0,0,Quiet (<5),False
11,158.4,-60.0,8013,1,2434100.236519,1952-03-28,11.614298820495605,,3724,240,4.667,0,Quiet (<5),False
11,158.4,-60.0,8090,1,2434100.236545,1952-03-28,14.133468627929688,,3733,242,4.667,0,Quiet (<5),False
11,158.4,-60.0,8137,1,2434545.195873,1953-06-16,13.966188430786133,,3639,251,2.667,0,Quiet (<5),False
11,158.4,-60.0,8281,1,2434433.524634,1953-02-25,13.522063255310059,,3733,242,6.0,2,G2 (6),False
11,158.4,-60.0,8388,1,2434415.591762,1953-02-07,12.492707252502441,,3733,242,2.0,0,Quiet (<5),False
11,158.4,-60.0,8493,1,2434435.521333,1953-02-27,13.176763534545898,,3733,242,5.667,1,G1 (5),False
11,158.4,-60.0,8494,1,2434435.51302,1953-02-27,12.481860160827637,,3733,242,5.667,1,G1 (5),False
11,158.4,-60.0,8524,1,2434545.244335,1953-06-16,14.266502380371094,,3639,251,2.667,0,Quiet (<5),False
11,158.4,-60.0,8543,1,2434545.238129,1953-06-16,13.83889102935791,,3733,242,2.667,0,Quiet (<5),False
11,158.4,-60.0,8603,1,2434415.573102,1953-02-07,11.33310317993164,,3630,237,2.0,0,Quiet (<5),False
11,158.4,-60.0,8617,1,2434435.519249,1953-02-27,12.633325576782227,,3733,242,5.667,1,G1 (5),False
11,158.4,-60.0,8655,1,2433764.20066,1951-04-27,12.704263687133789,,3639,251,5.667,1,G1 (5),False
11,158.4,-60.0,8678,1,2434545.220081,1953-06-16,14.281596183776855,,3639,251,2.667,0,Quiet (<5),False
11,158.4,-60.0,8846,1,2434902.241241,1954-06-08,12.008161544799805,,3733,242,3.0,0,Quiet (<5),False
11,158.4,-60.0,8873,1,2434545.213891,1953-06-16,13.202109336853027,,3733,242,2.667,0,Quiet (<5),False
11,158.4,-60.0,8896,1,2434415.573082,1953-02-07,12.990524291992188,,3724,240,2.0,0,Quiet (<5),False
11,158.4,-60.0,8911,1,2434546.217347,1953-06-17,14.218485832214355,,3733,242,3.333,0,Quiet (<5),False
11,158.4,-60.0,9137,1,2433740.233375,1951-04-03,13.487526893615723,,3639,251,6.0,2,G2 (6),False
11,158.4,-60.0,9336,1,2433468.205185,1950-07-05,15.262048721313477,,3733,242,6.0,2,G2 (6),False
11,158.4,-60.0,9467,1,2434546.217348,1953-06-17,13.810694694519043,,3733,242,3.333,0,Quiet (<5),False
11,158.4,-60.0,9694,1,2434422.548013,1953-02-14,11.585203170776367,,3733,242,3.667,0,Quiet (<5),False
11,158.4,-60.0,9736,1,2433740.233366,1951-04-03,13.851093292236328,,3639,251,6.0,2,G2 (6),False
11,158.4,-60.0,9772,1,2434545.24436,1953-06-16,14.184066772460938,,3733,242,2.667,0,Quiet (<5),False
11,158.4,-60.0,9985,1,2434422.53139,1953-02-14,10.166023254394531,,3734,243,3.667,0,Quiet (<5),False
11,158.4,-60.0,10055,1,2434545.213891,1953-06-16,13.44068431854248,,3733,242,2.667,0,Quiet (<5),False
11,158.4,-60.0,10079,1,2434546.217299,1953-06-17,14.031768798828125,,3630,237,3.333,0,Quiet (<5),False
11,158.4,-60.0,10361,1,2434435.519244,1953-02-27,12.751209259033203,,3733,242,5.667,1,G1 (5),False
11,158.4,-60.0,10684,1,2434433.518442,1953-02-25,11.85807991027832,,3630,237,6.0,2,G2 (6),False
11,158.4,-60.0,10786,1,2433484.218173,1950-07-21,13.80473518371582,,3639,251,3.0,0,Quiet (<5),False
11,158.4,-60.0,10791,1,2433764.269884,1951-04-27,11.525479316711426,,3630,237,5.667,1,G1 (5),False
12,172.8,-60.0,48,1,2433423.214209,1950-05-21,14.948111534118652,,3445,300,3.333,0,Quiet (<5),False
12,172.8,-60.0,84,1,2433802.341693,1951-06-04,15.076824188232422,,3404,302,4.333,0,Quiet (<5),False
12,172.8,-60.0,277,1,2434422.578987,1953-02-14,11.773125648498535,,3445,300,3.667,0,Quiet (<5),False
12,172.8,-60.0,327,1,2434422.578991,1953-02-14,11.616765022277832,,3404,302,3.667,0,Quiet (<5),False
12,172.8,-60.0,371,1,2434415.59981,1953-02-07,11.60987663269043,,3404,302,2.0,0,Quiet (<5),False
12,172.8,-60.0,398,1,2433391.410067,1950-04-19,15.55359172821045,,3404,302,4.667,0,Quiet (<5),False
12,172.8,-60.0,512,1,2434896.316685,1954-06-02,12.142074584960938,,3445,300,3.0,0,Quiet (<5),False
12,172.8,-60.0,651,1,2434898.254706,1954-06-04,15.245976448059082,,3445,300,3.333,0,Quiet (<5),False
12,172.8,-60.0,690,1,2434898.235666,1954-06-04,12.447310447692871,,3404,302,3.333,0,Quiet (<5),False
12,172.8,-60.0,724,1,2433424.284161,1950-05-22,13.894309043884277,,3445,300,5.0,1,G1 (5),False
12,172.8,-60.0,784,1,2434545.263007,1953-06-16,13.864888191223145,,3404,302,2.667,0,Quiet (<5),False
12,172.8,-60.0,869,1,2433442.302197,1950-06-09,11.48917293548584,,3445,300,5.333,1,G1 (5),False
12,172.8,-60.0,893,1,2434546.24222,1953-06-17,14.006138801574707,,3445,300,3.333,0,Quiet (<5),False
12,172.8,-60.0,898,1,2433473.212602,1950-07-10,13.06155776977539,,3404,302,3.667,0,Quiet (<5),False
12,172.8,-60.0,946,1,2433013.447231,1949-04-06,14.816537857055664,,3445,300,2.667,0,Quiet (<5),False
12,172.8,-60.0,971,1,2434415.616423,1953-02-07,12.80019474029541,,3445,300,2.0,0,Quiet (<5),False
12,172.8,-60.0,1297,1,2433424.370727,1950-05-22,13.718811988830566,,3445,300,5.0,1,G1 (5),False
12,172.8,-60.0,1518,1,2433423.266148,1950-05-21,15.16386604309082,,3445,300,3.333,0,Quiet (<5),False
12,172.8,-60.0,1890,1,2433423.363799,1950-05-21,16.100576400756836,,3404,302,3.333,0,Quiet (<5),False
12,172.8,-60.0,2046,1,2434898.251604,1954-06-04,13.60469913482666,,3404,302,3.333,0,Quiet (<5),False
12,172.8,-60.0,2206,1,2434898.235676,1954-06-04,12.417104721069336,,3404,302,3.333,0,Quiet (<5),False
12,172.8,-60.0,2210,1,2433743.237318,1951-04-06,12.102012634277344,,3404,302,6.333,2,G2 (6),True
12,172.8,-60.0,2307,1,2434902.239829,1954-06-08,12.233444213867188,,3445,300,3.0,0,Quiet (<5),False
12,172.8,-60.0,2584,1,2433769.392465,1951-05-02,14.35643482208252,,3445,300,7.333,3,G3 (7),False
12,172.8,-60.0,2664,1,2434902.249178,1954-06-08,12.985209465026855,,3445,300,3.0,0,Quiet (<5),False
12,172.8,-60.0,2716,1,2433740.245448,1951-04-03,13.24893569946289,,3445,300,6.0,2,G2 (6),False
12,172.8,-60.0,2828,1,2433038.210018,1949-05-01,14.00671100616455,,3446,301,5.333,1,G1 (5),False
12,172.8,-60.0,2896,1,2433424.354121,1950-05-22,13.811901092529297,,3404,302,5.0,1,G1 (5),False
12,172.8,-60.0,2987,1,2434902.482887,1954-06-08,12.009319305419922,,3404,302,3.0,0,Quiet (<5),False
12,172.8,-60.0,3153,1,2433802.358324,1951-06-04,15.373952865600586,,3445,300,4.333,0,Quiet (<5),False
12,172.8,-60.0,3183,1,2433764.295356,1951-04-27,13.321209907531738,,3445,300,5.667,1,G1 (5),False
12,172.8,-60.0,3224,1,2433409.349007,1950-05-07,12.76932144165039,,3445,300,5.333,1,G1 (5),False
12,172.8,-60.0,3256,1,2433484.22975,1950-07-21,11.012022018432617,,3445,300,3.0,0,Quiet (<5),False
12,172.8,-60.0,3528,1,2434896.273065,1954-06-02,12.102082252502441,,3445,300,3.0,0,Quiet (<5),False
12,172.8,-60.0,3781,1,2434415.599794,1953-02-07,13.552741050720215,,3445,300,2.0,0,Quiet (<5),False
12,172.8,-60.0,4072,1,2433420.274759,1950-05-18,15.214702606201172,,3404,302,3.333,0,Quiet (<5),False
12,172.8,-60.0,4159,1,2433440.298104,1950-06-07,15.771849632263184,,3445,300,6.0,2,G2 (6),False
12,172.8,-60.0,4256,1,2433397.226778,1950-04-25,14.328018188476562,,3404,302,5.667,1,G1 (5),False
12,172.8,-60.0,4266,1,2434456.305772,1953-03-19,11.270002365112305,,3446,301,4.0,0,Quiet (<5),False
12,172.8,-60.0,4284,1,2433424.284158,1950-05-22,14.053818702697754,,3404,302,5.0,1,G1 (5),False
12,172.8,-60.0,4477,1,2434546.242231,1953-06-17,13.51689624786377,,3404,302,3.333,0,Quiet (<5),False
12,172.8,-60.0,4501,1,2434902.249154,1954-06-08,13.06838321685791,,3404,302,3.0,0,Quiet (<5),False
12,172.8,-60.0,4608,1,2434896.244306,1954-06-02,15.064665794372559,,3404,302,3.0,0,Quiet (<5),False
12,172.8,-60.0,4752,1,2434898.238102,1954-06-04,13.101897239685059,,3472,310,3.333,0,Quiet (<5),False
12,172.8,-60.0,4845,1,2433769.392465,1951-05-02,15.15905475616455,,3445,300,7.333,3,G3 (7),False
12,172.8,-60.0,4901,1,2433424.284163,1950-05-22,14.249664306640625,,3404,302,5.0,1,G1 (5),False
12,172.8,-60.0,4903,1,2434898.238084,1954-06-04,13.171283721923828,,3404,302,3.333,0,Quiet (<5),False
12,172.8,-60.0,4910,1,2434545.263015,1953-06-16,13.55609130859375,,3445,300,2.667,0,Quiet (<5),False
12,172.8,-60.0,4958,1,2434902.239831,1954-06-08,12.086861610412598,,3472,310,3.0,0,Quiet (<5),False
12,172.8,-60.0,5036,1,2433440.298106,1950-06-07,15.99493408203125,,3472,310,6.0,2,G2 (6),False
12,172.8,-60.0,5198,1,2433438.311352,1950-06-05,15.334827423095703,,3404,302,4.0,0,Quiet (<5),False
12,172.8,-60.0,5223,1,2434896.24535,1954-06-02,14.423572540283203,,3445,300,3.0,0,Quiet (<5),False
12,172.8,-60.0,5403,1,2434898.238794,1954-06-04,13.417301177978516,,3445,300,3.333,0,Quiet (<5),False
12,172.8,-60.0,5407,1,2434896.265087,1954-06-02,15.224364280700684,,3404,302,3.0,0,Quiet (<5),False
12,172.8,-60.0,5531,1,2433764.411019,1951-04-27,14.933178901672363,,3404,302,5.667,1,G1 (5),False
12,172.8,-60.0,5716,1,2433390.406573,1950-04-18,13.367595672607422,,3404,302,3.667,0,Quiet (<5),False
12,172.8,-60.0,5812,1,2434896.245349,1954-06-02,14.714171409606934,,3445,300,3.0,0,Quiet (<5),False
12,172.8,-60.0,5836,1,2433440.3023,1950-06-07,16.025400161743164,,3445,300,6.0,2,G2 (6),False
12,172.8,-60.0,5887,1,2433740.245472,1951-04-03,13.349258422851562,,3472,310,6.0,2,G2 (6),False
12,172.8,-60.0,5924,1,2434546.24224,1953-06-17,14.215171813964844,,3472,310,3.333,0,Quiet (<5),False
12,172.8,-60.0,5951,1,2434896.273072,1954-06-02,11.588996887207031,,3472,310,3.0,0,Quiet (<5),False
12,172.8,-60.0,6412,1,2433390.406574,1950-04-18,16.467117309570312,,3472,310,3.667,0,Quiet (<5),False
12,172.8,-60.0,6444,1,2434898.242956,1954-06-04,14.804523468017578,,3445,300,3.333,0,Quiet (<5),False
12,172.8,-60.0,6497,1,2433391.410051,1950-04-19,16.16438102722168,,3445,300,4.667,0,Quiet (<5),False
12,172.8,-60.0,6507,1,2434902.24503,1954-06-08,12.79495620727539,,3445,300,3.0,0,Quiet (<5),False
12,172.8,-60.0,6942,1,2433424.420604,1950-05-22,16.271873474121094,,3445,300,5.0,1,G1 (5),False
12,172.8,-60.0,7186,1,2433750.25292,1951-04-13,12.032878875732422,,3404,302,6.0,2,G2 (6),False
12,172.8,-60.0,7220,1,2434415.5998,1953-02-07,13.556009292602539,,3472,310,2.0,0,Quiet (<5),False
12,172.8,-60.0,7245,1,2433441.295325,1950-06-08,16.437583923339844,,3445,300,6.0,2,G2 (6),False
12,172.8,-60.0,7361,1,2433423.214223,1950-05-21,15.150650024414062,,3472,310,3.333,0,Quiet (<5),False
12,172.8,-60.0,7405,1,2434902.239809,1954-06-08,12.388327598571777,,3404,302,3.0,0,Quiet (<5),False
12,172.8,-60.0,7453,1,2433750.230402,1951-04-13,12.964743614196777,,3445,300,6.0,2,G2 (6),False
12,172.8,-60.0,7694,1,2434898.235686,1954-06-04,11.944610595703125,,3445,300,3.333,0,Quiet (<5),False
12,172.8,-60.0,7912,1,2433422.379019,1950-05-20,15.272459983825684,,3404,302,3.333,0,Quiet (<5),False
12,172.8,-60.0,7987,1,2434546.260212,1953-06-17,13.512370109558105,,3404,302,3.333,0,Quiet (<5),False
12,172.8,-60.0,8059,1,2434545.262993,1953-06-16,14.164387702941895,,3404,302,2.667,0,Quiet (<5),False
12,172.8,-60.0,8337,1,2434902.239822,1954-06-08,12.049016952514648,,3445,300,3.0,0,Quiet (<5),False
12,172.8,-60.0,8527,1,2433802.374932,1951-06-04,15.31091022491455,,3445,300,4.333,0,Quiet (<5),False
12,172.8,-60.0,8675,1,2434091.309639,1952-03-19,16.321237564086914,,3404,302,4.667,0,Quiet (<5),False
12,172.8,-60.0,8732,1,2434546.260211,1953-06-17,14.007806777954102,,3395,296,3.333,0,Quiet (<5),False
12,172.8,-60.0,8753,1,2434546.260247,1953-06-17,13.999581336975098,,3472,310,3.333,0,Quiet (<5),False
12,172.8,-60.0,8940,1,2433802.341678,1951-06-04,15.209271430969238,,3445,300,4.333,0,Quiet (<5),False
12,172.8,-60.0,9066,1,2433439.317313,1950-06-06,16.441194534301758,,3445,300,6.0,2,G2 (6),False
12,172.8,-60.0,9078,1,2434896.285873,1954-06-02,12.567334175109863,,3445,300,3.0,0,Quiet (<5),False
12,172.8,-60.0,9281,1,2434415.59983,1953-02-07,12.849357604980469,,3404,302,2.0,0,Quiet (<5),False
12,172.8,-60.0,9478,1,2434415.61922,1953-02-07,13.308870315551758,,3404,302,2.0,0,Quiet (<5),False
12,172.8,-60.0,9534,1,2433769.392455,1951-05-02,14.586030006408691,,3395,296,7.333,3,G3 (7),False
12,172.8,-60.0,9688,1,2433750.230391,1951-04-13,13.083805084228516,,3404,302,6.0,2,G2 (6),False
12,172.8,-60.0,9863,1,2434898.235655,1954-06-04,12.053535461425781,,3404,302,3.333,0,Quiet (<5),False
12,172.8,-60.0,10062,1,2434902.272015,1954-06-08,12.616986274719238,,3445,300,3.0,0,Quiet (<5),False
12,172.8,-60.0,10152,1,2433769.392495,1951-05-02,14.97618293762207,,3472,310,7.333,3,G3 (7),False
12,172.8,-60.0,10180,1,2433769.392469,1951-05-02,15.138650894165039,,3404,302,7.333,3,G3 (7),False
12,172.8,-60.0,10217,1,2433441.295304,1950-06-08,16.321348190307617,,3445,300,6.0,2,G2 (6),False
12,172.8,-60.0,10809,1,2434902.239803,1954-06-08,12.369227409362793,,3404,302,3.0,0,Quiet (<5),False
12,172.8,-60.0,11000,1,2434902.239839,1954-06-08,12.169316291809082,,3472,310,3.0,0,Quiet (<5),False
12,172.8,-60.0,11016,1,2434415.599809,1953-02-07,13.544631004333496,,3472,310,2.0,0,Quiet (<5),False
12,172.8,-60.0,11049,1,2434902.239804,1954-06-08,12.311885833740234,,3395,296,3.0,0,Quiet (<5),False
12,172.8,-60.0,11333,1,2434415.599832,1953-02-07,13.438224792480469,,3404,302,2.0,0,Quiet (<5),False
12,172.8,-60.0,11344,1,2433437.255828,1950-06-04,15.910792350769043,,3404,302,4.667,0,Quiet (<5),False
12,172.8,-60.0,11549,1,2433484.229712,1950-07-21,13.770553588867188,,3404,302,3.0,0,Quiet (<5),False
13,187.20000000000002,-60.0,36,1,2433039.243058,1949-05-02,14.336976051330566,,3441,123,3.667,0,Quiet (<5),False
13,187.20000000000002,-60.0,319,1,2434075.487969,1952-03-03,10.365285873413086,,3564,129,6.667,2,G2 (6),False
13,187.20000000000002,-60.0,332,1,2433039.243055,1949-05-02,14.34788703918457,,3441,123,3.667,0,Quiet (<5),False
13,187.20000000000002,-60.0,1314,1,2432977.53492,1949-03-02,13.241591453552246,,3441,123,4.667,0,Quiet (<5),False
13,187.20000000000002,-60.0,1663,1,2433039.243055,1949-05-02,14.171409606933594,,3441,123,3.667,0,Quiet (<5),False
13,187.20000000000002,-60.0,2089,1,2433038.21048,1949-05-01,13.944912910461426,,3564,129,5.333,1,G1 (5),False
13,187.20000000000002,-60.0,2409,1,2433039.243053,1949-05-02,14.200410842895508,,3621,125,3.667,0,Quiet (<5),False
13,187.20000000000002,-60.0,3073,1,2434075.487965,1952-03-03,10.303067207336426,,3442,124,6.667,2,G2 (6),False
13,187.20000000000002,-60.0,4117,1,2433038.210459,1949-05-01,13.754712104797363,,3442,124,5.333,1,G1 (5),False
13,187.20000000000002,-60.0,5757,1,2433038.210474,1949-05-01,13.846590042114258,,3442,124,5.333,1,G1 (5),False
13,187.20000000000002,-60.0,5800,1,2433055.244877,1949-05-18,16.786338806152344,,3442,124,4.0,0,Quiet (<5),False
13,187.20000000000002,-60.0,6049,1,2433039.243055,1949-05-02,14.219888687133789,,3441,123,3.667,0,Quiet (<5),False
13,187.20000000000002,-60.0,7046,1,2433055.2449,1949-05-18,15.36616039276123,,3442,124,4.0,0,Quiet (<5),False
13,187.20000000000002,-60.0,7325,1,2433055.244877,1949-05-18,15.687301635742188,,3442,124,4.0,0,Quiet (<5),False
13,187.20000000000002,-60.0,7335,1,2433418.288795,1950-05-16,14.625014305114746,,3621,125,5.333,1,G1 (5),False
13,187.20000000000002,-60.0,7703,1,2432968.43608,1949-02-20,16.797025680541992,,3563,128,4.333,0,Quiet (<5),False
13,187.20000000000002,-60.0,7935,1,2433039.243043,1949-05-02,14.228784561157227,,3441,123,3.667,0,Quiet (<5),False
13,187.20000000000002,-60.0,8174,1,2432968.436061,1949-02-20,17.000553131103516,,3563,128,4.333,0,Quiet (<5),False
14,201.6,-60.0,54,1,2434896.280154,1954-06-02,12.410147666931152,,3313,140,3.0,0,Quiet (<5),False
14,201.6,-60.0,198,1,2433041.276007,1949-05-04,13.06372356414795,,3313,140,7.0,3,G3 (7),False
14,201.6,-60.0,521,1,2433025.246403,1949-04-18,14.497580528259277,,3370,141,4.0,0,Quiet (<5),False
14,201.6,-60.0,545,1,2433444.35684,1950-06-11,12.797280311584473,,3370,141,5.333,1,G1 (5),False
14,201.6,-60.0,581,1,2434896.280152,1954-06-02,12.688446998596191,,3313,140,3.0,0,Quiet (<5),False
14,201.6,-60.0,719,1,2434896.280152,1954-06-02,12.24704360961914,,3369,140,3.0,0,Quiet (<5),False
14,201.6,-60.0,726,1,2433719.403034,1951-03-13,13.315940856933594,,3370,141,6.667,2,G2 (6),False
14,201.6,-60.0,867,1,2433040.544324,1949-05-04,13.409226417541504,,3313,140,7.0,3,G3 (7),False
14,201.6,-60.0,929,1,2433041.276003,1949-05-04,13.146175384521484,,3313,140,7.0,3,G3 (7),False
14,201.6,-60.0,1013,1,2434896.27704,1954-06-02,11.994449615478516,,3329,137,3.0,0,Quiet (<5),False
14,201.6,-60.0,1211,1,2434896.277039,1954-06-02,11.945656776428223,,3313,140,3.0,0,Quiet (<5),False
14,201.6,-60.0,1425,1,2433057.401566,1949-05-20,13.692201614379883,,3369,140,3.0,0,Quiet (<5),False
14,201.6,-60.0,1716,1,2434898.250736,1954-06-04,12.999958038330078,,3313,140,3.333,0,Quiet (<5),False
14,201.6,-60.0,1740,1,2434898.243477,1954-06-04,13.139558792114258,,3329,137,3.333,0,Quiet (<5),False
14,201.6,-60.0,1750,1,2434898.243477,1954-06-04,13.177678108215332,,3313,140,3.333,0,Quiet (<5),False
14,201.6,-60.0,1869,1,2434896.280158,1954-06-02,12.780399322509766,,3313,140,3.0,0,Quiet (<5),False
14,201.6,-60.0,1904,1,2433041.276009,1949-05-04,13.818174362182617,,3313,140,7.0,3,G3 (7),False
14,201.6,-60.0,2170,1,2434896.280155,1954-06-02,12.672066688537598,,3329,137,3.0,0,Quiet (<5),False
14,201.6,-60.0,2221,1,2434075.487615,1952-03-03,10.20516586303711,,3370,141,6.667,2,G2 (6),False
14,201.6,-60.0,2295,1,2434898.243478,1954-06-04,13.15821361541748,,3313,140,3.333,0,Quiet (<5),False
14,201.6,-60.0,2449,1,2434898.234113,1954-06-04,11.37338924407959,,3369,140,3.333,0,Quiet (<5),False
14,201.6,-60.0,3067,1,2433041.276014,1949-05-04,13.821398735046387,,3313,140,7.0,3,G3 (7),False
14,201.6,-60.0,3065,1,2433090.28621,1949-06-22,12.306370735168457,,3330,138,3.667,0,Quiet (<5),False
14,201.6,-60.0,3292,1,2434898.24348,1954-06-04,12.838658332824707,,3313,140,3.333,0,Quiet (<5),False
14,201.6,-60.0,3360,1,2432968.466076,1949-02-20,14.045729637145996,,3313,140,4.333,0,Quiet (<5),False
14,201.6,-60.0,3401,1,2433719.403044,1951-03-13,12.476566314697266,,3314,141,6.667,2,G2 (6),False
16,230.4,-60.0,239,1,2432978.532858,1949-03-03,13.24038314819336,,3053,134,5.0,1,G1 (5),False
16,230.4,-60.0,288,1,2433057.344948,1949-05-20,16.77264976501465,,3002,125,3.0,0,Quiet (<5),False
16,230.4,-60.0,554,1,2433057.344949,1949-05-20,16.515438079833984,,3002,125,3.0,0,Quiet (<5),False
16,230.4,-60.0,582,1,2433041.34126,1949-05-04,13.493570327758789,,3001,124,7.0,3,G3 (7),False
16,230.4,-60.0,734,1,2432998.630699,1949-03-23,14.383428573608398,,3001,124,7.667,3,G3 (7),False
16,230.4,-60.0,765,1,2433057.344947,1949-05-20,16.452356338500977,,3052,133,3.0,0,Quiet (<5),False
16,230.4,-60.0,1112,1,2433057.344951,1949-05-20,16.635648727416992,,3002,125,3.0,0,Quiet (<5),False
16,230.4,-60.0,1298,1,2433055.352128,1949-05-18,13.96859359741211,,3001,124,4.0,0,Quiet (<5),False
16,230.4,-60.0,1417,1,2433041.341261,1949-05-04,13.736910820007324,,3001,124,7.0,3,G3 (7),False
16,230.4,-60.0,1768,1,2433057.344945,1949-05-20,16.597814559936523,,3052,133,3.0,0,Quiet (<5),False
16,230.4,-60.0,1964,1,2433421.309892,1950-05-19,15.009926795959473,,3001,124,3.0,0,Quiet (<5),False
16,230.4,-60.0,2046,1,2433057.344949,1949-05-20,16.703859329223633,,3002,125,3.0,0,Quiet (<5),False
16,230.4,-60.0,2567,1,2433066.345329,1949-05-29,16.5262508392334,,3002,125,3.0,0,Quiet (<5),False
16,230.4,-60.0,2566,1,2433062.27453,1949-05-25,13.907599449157715,,3002,125,3.667,0,Quiet (<5),False
16,230.4,-60.0,2624,1,2433090.287317,1949-06-22,13.770659446716309,,3052,133,3.667,0,Quiet (<5),False
16,230.4,-60.0,2658,1,2434123.315895,1952-04-20,14.204733848571777,,3052,133,5.0,1,G1 (5),False
16,230.4,-60.0,2898,1,2433062.27453,1949-05-25,13.910286903381348,,3002,125,3.667,0,Quiet (<5),False
16,230.4,-60.0,2959,1,2433062.274522,1949-05-25,13.930451393127441,,3053,134,3.667,0,Quiet (<5),False
16,230.4,-60.0,3241,1,2433041.341248,1949-05-04,13.381327629089355,,3052,133,7.0,3,G3 (7),False
16,230.4,-60.0,3333,1,2432954.568528,1949-02-07,16.366558074951172,,3052,133,5.333,1,G1 (5),False
16,230.4,-60.0,3338,1,2433057.34494,1949-05-20,17.03343963623047,,3052,133,3.0,0,Quiet (<5),False
16,230.4,-60.0,3699,1,2433062.274521,1949-05-25,13.888528823852539,,3053,134,3.667,0,Quiet (<5),False
16,230.4,-60.0,3702,1,2433055.352114,1949-05-18,13.931896209716797,,3052,133,4.0,0,Quiet (<5),False
16,230.4,-60.0,3885,1,2433041.341257,1949-05-04,13.589842796325684,,3052,133,7.0,3,G3 (7),False
16,230.4,-60.0,4017,1,2433360.534399,1950-03-20,15.245353698730469,,3001,124,7.333,3,G3 (7),False
16,230.4,-60.0,4031,1,2433360.534378,1950-03-20,16.032392501831055,,3053,134,7.333,3,G3 (7),False
16,230.4,-60.0,4196,1,2433041.341246,1949-05-04,13.457925796508789,,3052,133,7.0,3,G3 (7),False
16,230.4,-60.0,4750,1,2433498.225777,1950-08-04,12.51878833770752,,3053,134,5.0,1,G1 (5),False
16,230.4,-60.0,4988,1,2432978.532862,1949-03-03,14.152042388916016,,3002,125,5.0,1,G1 (5),False
16,230.4,-60.0,5557,1,2433360.534405,1950-03-20,15.849479675292969,,3053,134,7.333,3,G3 (7),False
16,230.4,-60.0,5555,1,2433095.41546,1949-06-27,11.48758602142334,,3002,125,4.0,0,Quiet (<5),False
16,230.4,-60.0,5732,1,2433472.294171,1950-07-09,12.900843620300293,,3053,134,3.667,0,Quiet (<5),False
16,230.4,-60.0,5799,1,2432998.630681,1949-03-23,15.565510749816895,,3053,134,7.667,3,G3 (7),False
16,230.4,-60.0,6183,1,2434214.226063,1952-07-20,15.604741096496582,,3053,134,5.667,1,G1 (5),False
16,230.4,-60.0,6354,1,2434123.315915,1952-04-20,14.602652549743652,,3001,124,5.0,1,G1 (5),False
16,230.4,-60.0,6628,1,2433421.309901,1950-05-19,13.912296295166016,,3001,124,3.0,0,Quiet (<5),False
16,230.4,-60.0,6768,1,2432978.532881,1949-03-03,13.390104293823242,,3002,125,5.0,1,G1 (5),False
16,230.4,-60.0,6772,1,2433057.34495,1949-05-20,15.810344696044922,,3052,133,3.0,0,Quiet (<5),False
16,230.4,-60.0,6873,1,2434123.315905,1952-04-20,14.523980140686035,,3052,133,5.0,1,G1 (5),False
16,230.4,-60.0,6956,1,2433085.401523,1949-06-17,15.201281547546387,,3002,125,4.333,0,Quiet (<5),False
16,230.4,-60.0,7168,1,2433041.341243,1949-05-04,13.50592041015625,,3052,133,7.0,3,G3 (7),False
16,230.4,-60.0,7208,1,2434145.317795,1952-05-12,11.600584983825684,,3052,133,4.333,0,Quiet (<5),False
16,230.4,-60.0,7332,1,2433360.534407,1950-03-20,16.123306274414062,,3001,124,7.333,3,G3 (7),False
16,230.4,-60.0,7510,1,2433032.345448,1949-04-25,13.622791290283203,,3008,120,3.0,0,Quiet (<5),False
16,230.4,-60.0,7527,1,2433085.401525,1949-06-17,14.482773780822754,,3002,125,4.333,0,Quiet (<5),False
16,230.4,-60.0,7546,1,2434123.3159,1952-04-20,14.468372344970703,,3052,133,5.0,1,G1 (5),False
16,230.4,-60.0,7551,1,2433032.345449,1949-04-25,13.630303382873535,,3008,120,3.0,0,Quiet (<5),False
16,230.4,-60.0,8308,1,2432954.568497,1949-02-07,16.40411949157715,,3008,120,5.333,1,G1 (5),False
16,230.4,-60.0,8374,1,2433057.34494,1949-05-20,16.852130889892578,,3052,133,3.0,0,Quiet (<5),False
16,230.4,-60.0,8557,1,2433001.435346,1949-03-25,13.818766593933105,,3052,133,7.0,3,G3 (7),False
16,230.4,-60.0,8832,1,2433057.344938,1949-05-20,17.000171661376953,,3052,133,3.0,0,Quiet (<5),False
16,230.4,-60.0,9462,1,2433032.345449,1949-04-25,13.634550094604492,,3008,120,3.0,0,Quiet (<5),False
16,230.4,-60.0,10425,1,2432976.536088,1949-03-01,11.123078346252441,,3002,125,5.333,1,G1 (5),False
16,230.4,-60.0,10540,1,2432957.557793,1949-02-10,15.635931015014648,,3052,133,2.667,0,Quiet (<5),False
16,230.4,-60.0,10751,1,2433041.341274,1949-05-04,14.127440452575684,,3001,124,7.0,3,G3 (7),False
16,230.4,-60.0,10979,1,2433085.401539,1949-06-17,15.516073226928711,,3052,133,4.333,0,Quiet (<5),False
16,230.4,-60.0,11588,1,2434461.417518,1953-03-24,11.619677543640137,,3002,125,6.667,2,G2 (6),True
16,230.4,-60.0,11644,1,2434180.312783,1952-06-16,10.199649810791016,,3052,133,5.333,1,G1 (5),False
16,230.4,-60.0,11767,1,2433057.344934,1949-05-20,17.075986862182617,,3052,133,3.0,0,Quiet (<5),False
16,230.4,-60.0,12020,1,2433391.40831,1950-04-19,11.239509582519531,,3002,125,4.667,0,Quiet (<5),False
17,244.8,-60.0,248,1,2433043.552118,1949-05-07,13.663129806518555,,3446,119,5.0,1,G1 (5),False
17,244.8,-60.0,1311,1,2433099.483094,1949-07-01,11.756281852722168,,3446,119,3.667,0,Quiet (<5),False
17,244.8,-60.0,1345,1,2433536.241074,1950-09-11,12.554641723632812,,3386,127,5.333,1,G1 (5),False
17,244.8,-60.0,1706,1,2433011.507589,1949-04-05,11.62268352508545,,3416,123,3.333,0,Quiet (<5),False
17,244.8,-60.0,1895,1,2433063.28677,1949-05-26,13.10290813446045,,3446,119,3.667,0,Quiet (<5),False
17,244.8,-60.0,1919,1,2433169.257433,1949-09-09,13.441625595092773,,3385,126,3.667,0,Quiet (<5),False
17,244.8,-60.0,2143,1,2433001.612429,1949-03-26,15.583786964416504,,3386,127,4.333,0,Quiet (<5),False
17,244.8,-60.0,2302,1,2433071.349475,1949-06-03,12.60682201385498,,3445,118,5.0,1,G1 (5),False
17,244.8,-60.0,2985,1,2433071.414567,1949-06-03,14.334566116333008,,3424,128,5.0,1,G1 (5),False
17,244.8,-60.0,3036,1,2433172.2227,1949-09-12,16.273014068603516,,3385,126,5.667,1,G1 (5),False
17,244.8,-60.0,3049,1,2434461.41692,1953-03-24,13.41801929473877,,3446,119,6.667,2,G2 (6),True
17,244.8,-60.0,3255,1,2433063.286759,1949-05-26,14.009078979492188,,3386,127,3.667,0,Quiet (<5),False
17,244.8,-60.0,3293,1,2433099.483081,1949-07-01,13.081863403320312,,3386,127,3.667,0,Quiet (<5),False
17,244.8,-60.0,3772,1,2433043.552109,1949-05-07,14.345556259155273,,3386,127,5.0,1,G1 (5),False
17,244.8,-60.0,4058,1,2433063.286777,1949-05-26,13.813825607299805,,3446,119,3.667,0,Quiet (<5),False
17,244.8,-60.0,4244,1,2433089.54252,1949-06-22,14.567131042480469,,3385,126,3.667,0,Quiet (<5),False
17,244.8,-60.0,4462,1,2433169.257427,1949-09-09,13.47624397277832,,3445,118,3.667,0,Quiet (<5),False
17,244.8,-60.0,4562,1,2433063.28677,1949-05-26,13.406046867370605,,3446,119,3.667,0,Quiet (<5),False
17,244.8,-60.0,4999,1,2433001.612442,1949-03-26,15.51883602142334,,3446,119,4.333,0,Quiet (<5),False
17,244.8,-60.0,5022,1,2433063.286762,1949-05-26,13.57938003540039,,3425,129,3.667,0,Quiet (<5),False
17,244.8,-60.0,5064,1,2433099.4831,1949-07-01,12.450916290283203,,3446,119,3.667,0,Quiet (<5),False
17,244.8,-60.0,5219,1,2434461.41693,1953-03-24,14.024043083190918,,3416,123,6.667,2,G2 (6),True
17,244.8,-60.0,5325,1,2433452.354793,1950-06-19,14.917299270629883,,3446,119,4.0,0,Quiet (<5),False
17,244.8,-60.0,5395,1,2433033.576909,1949-04-27,15.551515579223633,,3385,126,4.667,0,Quiet (<5),False
17,244.8,-60.0,5710,1,2433063.286755,1949-05-26,14.066705703735352,,3386,127,3.667,0,Quiet (<5),False
17,244.8,-60.0,5733,1,2433033.576923,1949-04-27,14.272924423217773,,3385,126,4.667,0,Quiet (<5),False
17,244.8,-60.0,5979,1,2433063.286771,1949-05-26,14.147919654846191,,3446,119,3.667,0,Quiet (<5),False
17,244.8,-60.0,7308,1,2433043.552129,1949-05-07,14.049538612365723,,3416,123,5.0,1,G1 (5),False
17,244.8,-60.0,7408,1,2433001.502653,1949-03-26,13.974674224853516,,3385,126,4.333,0,Quiet (<5),False
17,244.8,-60.0,7574,1,2433043.552129,1949-05-07,13.439484596252441,,3446,119,5.0,1,G1 (5),False
17,244.8,-60.0,7689,1,2433043.55213,1949-05-07,13.804619789123535,,3446,119,5.0,1,G1 (5),False
17,244.8,-60.0,8888,1,2434236.340121,1952-08-11,13.939332008361816,,3446,119,4.333,0,Quiet (<5),False
17,244.8,-60.0,8914,1,2433174.234714,1949-09-14,14.107844352722168,,3416,123,5.667,1,G1 (5),False
17,244.8,-60.0,9097,1,2433169.257453,1949-09-09,13.339299201965332,,3424,128,3.667,0,Quiet (<5),False
17,244.8,-60.0,9150,1,2433063.286778,1949-05-26,14.067179679870605,,3416,123,3.667,0,Quiet (<5),False
17,244.8,-60.0,9326,1,2433043.552134,1949-05-07,14.156545639038086,,3416,123,5.0,1,G1 (5),False
17,244.8,-60.0,9337,1,2433503.224246,1950-08-09,13.294121742248535,,3425,129,7.667,3,G3 (7),False
17,244.8,-60.0,10182,1,2433063.28678,1949-05-26,13.260026931762695,,3446,119,3.667,0,Quiet (<5),False
18,259.2,-60.0,729,1,2433039.635581,1949-05-03,16.22687530517578,,3066,139,7.0,3,G3 (7),False
18,259.2,-60.0,778,1,2433099.208488,1949-07-01,14.53579044342041,,3122,140,3.667,0,Quiet (<5),False
18,259.2,-60.0,846,1,2433512.327126,1950-08-18,14.859734535217285,,3066,139,4.667,0,Quiet (<5),False
18,259.2,-60.0,933,1,2433040.405733,1949-05-03,13.901961326599121,,3010,142,7.0,3,G3 (7),False
18,259.2,-60.0,1147,1,2433113.293044,1949-07-15,15.941889762878418,,3121,139,4.333,0,Quiet (<5),False
18,259.2,-60.0,1221,1,2433512.327123,1950-08-18,16.167644500732422,,3011,143,4.667,0,Quiet (<5),False
18,259.2,-60.0,1284,1,2433099.208486,1949-07-01,15.25119686126709,,3122,140,3.667,0,Quiet (<5),False
18,259.2,-60.0,1509,1,2433039.635585,1949-05-03,16.3079833984375,,3121,139,7.0,3,G3 (7),False
18,259.2,-60.0,1714,1,2433091.309758,1949-06-23,14.303084373474121,,3010,142,3.667,0,Quiet (<5),False
18,259.2,-60.0,1737,1,2434218.237909,1952-07-24,11.324790000915527,,3066,139,4.333,0,Quiet (<5),False
18,259.2,-60.0,1794,1,2433096.510032,1949-06-29,14.201936721801758,,3065,138,3.667,0,Quiet (<5),False
18,259.2,-60.0,1981,1,2433010.518272,1949-04-04,14.707935333251953,,3010,142,3.333,0,Quiet (<5),False
18,259.2,-60.0,2077,1,2433039.635578,1949-05-03,16.1250057220459,,3066,139,7.0,3,G3 (7),False
18,259.2,-60.0,2187,1,2433099.208496,1949-07-01,14.579577445983887,,3066,139,3.667,0,Quiet (<5),False
18,259.2,-60.0,2202,1,2433063.286677,1949-05-26,13.726698875427246,,3065,138,3.667,0,Quiet (<5),False
18,259.2,-60.0,2240,1,2433113.293047,1949-07-15,15.02096939086914,,3011,143,4.333,0,Quiet (<5),False
18,259.2,-60.0,2281,1,2433099.208484,1949-07-01,14.082761764526367,,3122,140,3.667,0,Quiet (<5),False
18,259.2,-60.0,3079,1,2433099.2085,1949-07-01,14.989314079284668,,3066,139,3.667,0,Quiet (<5),False
18,259.2,-60.0,3153,1,2433010.518271,1949-04-04,14.733036041259766,,3066,139,3.333,0,Quiet (<5),False
18,259.2,-60.0,3222,1,2433010.518274,1949-04-04,13.865078926086426,,3010,142,3.333,0,Quiet (<5),False
18,259.2,-60.0,3463,1,2433063.286663,1949-05-26,14.196746826171875,,3010,142,3.667,0,Quiet (<5),False
18,259.2,-60.0,3483,1,2433043.551786,1949-05-07,14.130318641662598,,3121,139,5.0,1,G1 (5),False
18,259.2,-60.0,3504,1,2433536.241769,1950-09-11,12.056709289550781,,3122,140,5.333,1,G1 (5),False
18,259.2,-60.0,3952,1,2434268.28841,1952-09-12,14.620410919189453,,3065,138,4.667,0,Quiet (<5),False
18,259.2,-60.0,4061,1,2433111.264118,1949-07-13,16.69642448425293,,3121,139,5.0,1,G1 (5),False
18,259.2,-60.0,4709,1,2433099.208481,1949-07-01,15.17529296875,,3122,140,3.667,0,Quiet (<5),False
18,259.2,-60.0,4832,1,2433119.292378,1949-07-21,13.037524223327637,,3010,142,4.0,0,Quiet (<5),False
18,259.2,-60.0,5032,1,2433039.635573,1949-05-03,16.498289108276367,,3010,142,7.0,3,G3 (7),False
18,259.2,-60.0,5113,1,2434221.406843,1952-07-27,17.041845321655273,,3010,142,4.333,0,Quiet (<5),False
18,259.2,-60.0,5150,1,2433512.327115,1950-08-18,13.872241973876953,,3066,139,4.667,0,Quiet (<5),False
18,259.2,-60.0,5165,1,2433099.208479,1949-07-01,15.472793579101562,,3122,140,3.667,0,Quiet (<5),False
18,259.2,-60.0,5253,1,2433063.286683,1949-05-26,14.082989692687988,,3065,138,3.667,0,Quiet (<5),False
18,259.2,-60.0,5395,1,2433060.385497,1949-05-23,11.862135887145996,,3010,142,3.0,0,Quiet (<5),False
18,259.2,-60.0,5467,1,2434214.227206,1952-07-20,12.957552909851074,,3011,143,5.667,1,G1 (5),False
18,259.2,-60.0,5475,1,2433451.342136,1950-06-18,14.297628402709961,,3066,139,4.0,0,Quiet (<5),False
18,259.2,-60.0,5584,1,2433512.327144,1950-08-18,15.879469871520996,,3066,139,4.667,0,Quiet (<5),False
18,259.2,-60.0,5890,1,2433512.327147,1950-08-18,15.765195846557617,,2945,137,4.667,0,Quiet (<5),False
18,259.2,-60.0,5980,1,2433010.51827,1949-04-04,14.79841423034668,,2944,136,3.333,0,Quiet (<5),False
18,259.2,-60.0,6008,1,2433099.208501,1949-07-01,13.634049415588379,,3066,139,3.667,0,Quiet (<5),False
18,259.2,-60.0,6017,1,2433512.32714,1950-08-18,15.503116607666016,,3066,139,4.667,0,Quiet (<5),False
18,259.2,-60.0,6682,1,2433175.289791,1949-09-15,14.418707847595215,,3010,142,5.333,1,G1 (5),False
19,273.6,-60.0,70,1,2433512.327754,1950-08-18,16.171369552612305,,3261,147,4.667,0,Quiet (<5),False
19,273.6,-60.0,205,1,2433512.327761,1950-08-18,13.094566345214844,,3261,147,4.667,0,Quiet (<5),False
19,273.6,-60.0,245,1,2433096.480728,1949-06-28,11.504652976989746,,3141,141,3.333,0,Quiet (<5),False
19,273.6,-60.0,431,1,2434268.289151,1952-09-12,15.0281400680542,,3261,147,4.667,0,Quiet (<5),False
19,273.6,-60.0,1291,1,2433591.320251,1950-11-05,13.072942733764648,,3141,141,6.333,2,G2 (6),False
19,273.6,-60.0,1535,1,2433512.327758,1950-08-18,14.297755241394043,,3261,147,4.667,0,Quiet (<5),False
19,273.6,-60.0,2526,1,2433512.327749,1950-08-18,15.746273040771484,,3314,147,4.667,0,Quiet (<5),False
20,288.0,-60.0,290,1,2433952.245105,1951-11-01,16.32858657836914,,3330,112,3.333,0,Quiet (<5),True
20,288.0,-60.0,403,1,2433753.627725,1951-04-17,16.21936798095703,,3330,112,3.667,0,Quiet (<5),False
20,288.0,-60.0,470,1,2433175.356284,1949-09-15,14.045775413513184,,3331,113,5.333,1,G1 (5),False
20,288.0,-60.0,998,1,2433116.345949,1949-07-18,16.83685874938965,,3330,112,5.0,1,G1 (5),False
20,288.0,-60.0,2115,1,2433119.323489,1949-07-21,16.356237411499023,,3178,109,4.0,0,Quiet (<5),False
20,288.0,-60.0,2224,1,2433010.549438,1949-04-04,13.716306686401367,,3330,112,3.333,0,Quiet (<5),False
20,288.0,-60.0,2891,1,2433014.628858,1949-04-08,11.119921684265137,,3178,109,7.333,3,G3 (7),False
20,288.0,-60.0,3293,1,2433753.627741,1951-04-17,15.943565368652344,,3330,112,3.667,0,Quiet (<5),False
20,288.0,-60.0,3451,1,2433753.627741,1951-04-17,16.27165412902832,,3330,112,3.667,0,Quiet (<5),False
126,14.4,-28.421052631578945,172,1,2433840.538447,1951-07-13,15.705207824707031,,1675,159,3.333,0,Quiet (<5),False
128,43.2,-28.421052631578945,233,1,2433868.968029,1951-08-10,10.502593994140625,,1479,109,3.333,0,Quiet (<5),False
130,72.0,-28.421052631578945,103,1,2433242.391981,1949-11-21,12.287961959838867,,1145,99,6.333,2,G2 (6),False
131,86.4,-28.421052631578945,376,1,2432942.304252,1949-01-25,16.00635528564453,,1299,105,8.667,4,G4-G5 (>=8),False
132,100.8,-28.421052631578945,9,1,2434036.280949,1952-01-24,16.045839309692383,,1311,112,4.333,0,Quiet (<5),False
132,100.8,-28.421052631578945,366,1,2433659.349925,1951-01-12,15.529152870178223,,1312,113,5.0,1,G1 (5),False
132,100.8,-28.421052631578945,574,1,2434285.574409,1952-09-30,15.483375549316406,,1286,108,7.333,3,G3 (7),False
132,100.8,-28.421052631578945,595,1,2433011.249674,1949-04-04,12.98087215423584,,1312,113,3.333,0,Quiet (<5),False
132,100.8,-28.421052631578945,655,1,2433033.22427,1949-04-26,12.669841766357422,,1311,112,3.333,0,Quiet (<5),False
132,100.8,-28.421052631578945,1039,1,2433659.349918,1951-01-12,17.44600486755371,,1287,109,5.0,1,G1 (5),False
132,100.8,-28.421052631578945,1091,1,2433266.379113,1949-12-15,14.312928199768066,,1287,109,3.667,0,Quiet (<5),False
132,100.8,-28.421052631578945,1214,1,2434286.57938,1952-10-01,12.342615127563477,,1312,113,7.333,3,G3 (7),False
132,100.8,-28.421052631578945,1244,1,2433661.359324,1951-01-14,11.112353324890137,,1286,108,4.333,0,Quiet (<5),False
132,100.8,-28.421052631578945,1304,1,2433011.249672,1949-04-04,12.229811668395996,,1312,113,3.333,0,Quiet (<5),False
132,100.8,-28.421052631578945,1350,1,2434285.574433,1952-09-30,15.984440803527832,,1311,112,7.333,3,G3 (7),False
132,100.8,-28.421052631578945,1429,1,2434285.574414,1952-09-30,15.909164428710938,,1311,112,7.333,3,G3 (7),False
132,100.8,-28.421052631578945,1605,1,2434285.574407,1952-09-30,14.074052810668945,,1311,112,7.333,3,G3 (7),False
132,100.8,-28.421052631578945,1608,1,2434285.574397,1952-09-30,14.191216468811035,,1311,112,7.333,3,G3 (7),False
132,100.8,-28.421052631578945,1613,1,2432922.341774,1949-01-05,15.955202102661133,,1328,108,2.333,0,Quiet (<5),False
132,100.8,-28.421052631578945,1734,1,2434126.209341,1952-04-23,12.950202941894531,,1312,113,8.333,4,G4-G5 (>=8),True
132,100.8,-28.421052631578945,1889,1,2434396.279404,1953-01-18,16.460559844970703,,1286,108,3.667,0,Quiet (<5),False
132,100.8,-28.421052631578945,1919,1,2432922.341765,1949-01-05,15.789141654968262,,1287,109,2.333,0,Quiet (<5),False
132,100.8,-28.421052631578945,1974,1,2434100.268757,1952-03-28,16.134876251220703,,1286,108,4.667,0,Quiet (<5),False
132,100.8,-28.421052631578945,2080,1,2433211.520964,1949-10-22,15.880070686340332,,1312,113,5.667,1,G1 (5),False
132,100.8,-28.421052631578945,2181,1,2432922.404093,1949-01-05,14.184133529663086,,1287,109,2.333,0,Quiet (<5),False
133,115.2,-28.421052631578945,56,1,2434033.31583,1952-01-21,17.251773834228516,,1541,128,2.333,0,Quiet (<5),False
133,115.2,-28.421052631578945,438,1,2432969.373172,1949-02-21,14.552184104919434,,1541,128,5.0,1,G1 (5),False
133,115.2,-28.421052631578945,487,1,2433679.278883,1951-02-01,17.15782356262207,,1534,125,6.667,2,G2 (6),True
133,115.2,-28.421052631578945,492,1,2434035.349162,1952-01-23,16.586362838745117,,1534,125,4.333,0,Quiet (<5),False
133,115.2,-28.421052631578945,814,1,2433308.449415,1950-01-26,13.85084056854248,,1516,125,6.667,2,G2 (6),False
133,115.2,-28.421052631578945,1034,1,2434033.315822,1952-01-21,17.132144927978516,,1524,126,2.333,0,Quiet (<5),False
133,115.2,-28.421052631578945,1144,1,2433679.278872,1951-02-01,17.128536224365234,,1541,128,6.667,2,G2 (6),True
133,115.2,-28.421052631578945,1758,1,2433679.278867,1951-02-01,16.732465744018555,,1524,126,6.667,2,G2 (6),True
133,115.2,-28.421052631578945,3070,1,2432978.364203,1949-03-02,14.718536376953125,,1542,129,4.667,0,Quiet (<5),False
133,115.2,-28.421052631578945,3701,1,2433265.411137,1949-12-14,17.226787567138672,,1541,128,3.667,0,Quiet (<5),False
133,115.2,-28.421052631578945,3709,1,2434400.294085,1953-01-22,12.56625747680664,,1534,125,4.667,0,Quiet (<5),False
133,115.2,-28.421052631578945,3811,1,2433033.225489,1949-04-26,12.958312034606934,,1516,125,3.333,0,Quiet (<5),False
134,129.6,-28.421052631578945,65,1,2434071.296001,1952-02-28,16.194656372070312,,1447,125,6.333,2,G2 (6),False
134,129.6,-28.421052631578945,90,1,2432969.373845,1949-02-21,13.702179908752441,,1448,126,5.0,1,G1 (5),False
134,129.6,-28.421052631578945,405,1,2433281.552833,1949-12-31,14.650145530700684,,1448,126,4.0,0,Quiet (<5),False
134,129.6,-28.421052631578945,538,1,2433281.552846,1949-12-31,14.089383125305176,,1448,126,4.0,0,Quiet (<5),False
134,129.6,-28.421052631578945,572,1,2433281.552832,1949-12-31,15.700955390930176,,1448,126,4.0,0,Quiet (<5),False
134,129.6,-28.421052631578945,667,1,2434445.386474,1953-03-08,14.472596168518066,,1476,128,6.667,2,G2 (6),False
135,144.0,-28.421052631578945,17,1,2433706.686703,1951-03-01,14.417770385742188,,1583,134,7.0,3,G3 (7),False
135,144.0,-28.421052631578945,279,1,2433269.950085,1949-12-19,10.297033309936523,,1583,134,2.333,0,Quiet (<5),False
135,144.0,-28.421052631578945,578,1,2434126.343205,1952-04-23,14.762894630432129,,1582,133,8.333,4,G4-G5 (>=8),True
135,144.0,-28.421052631578945,928,1,2433706.686703,1951-03-01,14.332656860351562,,1580,134,7.0,3,G3 (7),False
137,172.8,-28.421052631578945,117,1,2433011.261926,1949-04-04,15.850378036499023,,1583,117,3.333,0,Quiet (<5),False
138,187.20000000000002,-28.421052631578945,95,1,2433833.321576,1951-07-05,14.849180221557617,,1649,100,5.0,1,G1 (5),False
138,187.20000000000002,-28.421052631578945,298,1,2433409.290941,1950-05-07,15.127205848693848,,1650,103,5.333,1,G1 (5),False
139,201.6,-28.421052631578945,32,1,2433829.276901,1951-07-01,17.380023956298828,,1870,114,7.0,3,G3 (7),False
139,201.6,-28.421052631578945,110,1,2433829.276898,1951-07-01,17.471481323242188,,1870,114,7.0,3,G3 (7),False
139,201.6,-28.421052631578945,525,1,2433829.27692,1951-07-01,17.499244689941406,,1890,115,7.0,3,G3 (7),False
140,216.0,-28.421052631578945,690,1,2432976.451695,1949-02-28,16.03741455078125,,2100,89,5.333,1,G1 (5),False
141,230.4,-28.421052631578945,267,1,2433113.321866,1949-07-15,16.876937866210938,,2003,105,4.333,0,Quiet (<5),False
142,244.8,-28.421052631578945,110,1,2433036.415738,1949-04-29,14.083621978759766,,2302,118,5.333,1,G1 (5),False
142,244.8,-28.421052631578945,324,1,2433090.234586,1949-06-22,17.062667846679688,,2302,118,3.667,0,Quiet (<5),False
142,244.8,-28.421052631578945,389,1,2434218.237653,1952-07-24,10.724834442138672,,2303,119,4.333,0,Quiet (<5),False
142,244.8,-28.421052631578945,559,1,2433887.248724,1951-08-28,16.13222885131836,,2387,115,6.0,2,G2 (6),False
142,244.8,-28.421052631578945,799,1,2433097.380333,1949-06-29,17.391706466674805,,2303,119,3.667,0,Quiet (<5),False
142,244.8,-28.421052631578945,997,1,2434218.237643,1952-07-24,9.781121253967285,,2303,119,4.333,0,Quiet (<5),False
142,244.8,-28.421052631578945,1102,1,2433056.417514,1949-05-19,17.768775939941406,,2302,118,3.667,0,Quiet (<5),False
142,244.8,-28.421052631578945,1281,1,2433367.629794,1950-03-27,9.577134132385254,,2303,119,5.0,1,G1 (5),False
142,244.8,-28.421052631578945,1706,1,2433887.248726,1951-08-28,14.599478721618652,,2387,115,6.0,2,G2 (6),False
142,244.8,-28.421052631578945,2016,1,2433533.22354,1950-09-08,15.00284194946289,,2465,121,5.667,1,G1 (5),False
142,244.8,-28.421052631578945,2262,1,2433176.223768,1949-09-16,13.634471893310547,,2289,115,5.333,1,G1 (5),False
142,244.8,-28.421052631578945,2463,1,2433887.248712,1951-08-28,15.56804084777832,,2387,115,6.0,2,G2 (6),False
142,244.8,-28.421052631578945,2470,1,2433083.624335,1949-06-16,12.682841300964355,,2303,119,3.667,0,Quiet (<5),False
142,244.8,-28.421052631578945,2475,1,2433887.248716,1951-08-28,15.886028289794922,,2288,114,6.0,2,G2 (6),False
142,244.8,-28.421052631578945,2747,1,2433887.248708,1951-08-28,15.685784339904785,,2288,114,6.0,2,G2 (6),False
142,244.8,-28.421052631578945,2800,1,2433500.341708,1950-08-06,14.717029571533203,,2465,121,3.667,0,Quiet (<5),False
142,244.8,-28.421052631578945,2956,1,2433500.341688,1950-08-06,13.922395706176758,,2289,115,3.667,0,Quiet (<5),False
142,244.8,-28.421052631578945,2967,1,2433042.441514,1949-05-05,17.159563064575195,,2388,116,7.0,3,G3 (7),False
142,244.8,-28.421052631578945,3027,1,2433097.380323,1949-06-29,16.986125946044922,,2388,116,3.667,0,Quiet (<5),False
142,244.8,-28.421052631578945,3041,1,2433823.391743,1951-06-25,16.180816650390625,,2302,118,5.667,1,G1 (5),False
142,244.8,-28.421052631578945,3318,1,2433070.511615,1949-06-03,17.162687301635742,,2466,122,5.0,1,G1 (5),False
142,244.8,-28.421052631578945,3416,1,2433071.380068,1949-06-03,16.56576919555664,,2465,121,5.0,1,G1 (5),False
142,244.8,-28.421052631578945,3466,1,2433056.417514,1949-05-19,17.791976928710938,,2288,114,3.667,0,Quiet (<5),False
142,244.8,-28.421052631578945,3831,1,2433887.248719,1951-08-28,14.878000259399414,,2387,115,6.0,2,G2 (6),False
142,244.8,-28.421052631578945,3929,1,2433833.218147,1951-07-05,17.32958984375,,2288,114,5.0,1,G1 (5),False
142,244.8,-28.421052631578945,4054,1,2432955.599216,1949-02-08,16.60043716430664,,2302,118,5.333,1,G1 (5),False
142,244.8,-28.421052631578945,4113,1,2433097.313855,1949-06-29,17.539281845092773,,2466,122,3.667,0,Quiet (<5),False
143,259.2,-28.421052631578945,21,1,2433096.492013,1949-06-28,10.668054580688477,,2408,145,3.333,0,Quiet (<5),False
143,259.2,-28.421052631578945,194,1,2433512.279414,1950-08-18,17.03274154663086,,2407,144,4.667,0,Quiet (<5),False
143,259.2,-28.421052631578945,222,1,2433015.537261,1949-04-09,12.987215042114258,,2408,145,7.333,3,G3 (7),False
143,259.2,-28.421052631578945,266,1,2433015.537257,1949-04-09,13.85908317565918,,2408,145,7.333,3,G3 (7),False
143,259.2,-28.421052631578945,286,1,2434221.290122,1952-07-27,12.671402931213379,,2408,145,4.333,0,Quiet (<5),False
143,259.2,-28.421052631578945,304,1,2433418.870244,1950-05-17,9.909306526184082,,2408,145,5.333,1,G1 (5),False
143,259.2,-28.421052631578945,316,1,2433015.53726,1949-04-09,15.763845443725586,,2408,145,7.333,3,G3 (7),False
143,259.2,-28.421052631578945,485,1,2434221.290125,1952-07-27,13.257766723632812,,2408,145,4.333,0,Quiet (<5),False
143,259.2,-28.421052631578945,499,1,2433042.550001,1949-05-06,11.541813850402832,,2408,145,6.0,2,G2 (6),False
143,259.2,-28.421052631578945,696,1,2433399.481606,1950-04-27,10.397594451904297,,2408,145,3.667,0,Quiet (<5),False
143,259.2,-28.421052631578945,973,1,2433003.516979,1949-03-28,11.82034683227539,,2408,145,4.333,0,Quiet (<5),False
143,259.2,-28.421052631578945,990,1,2433057.391994,1949-05-20,15.786672592163086,,2408,145,3.0,0,Quiet (<5),False
143,259.2,-28.421052631578945,1569,1,2434099.575817,1952-03-28,13.761874198913574,,2407,144,4.667,0,Quiet (<5),False
143,259.2,-28.421052631578945,1951,1,2433391.397952,1950-04-19,16.63140869140625,,2408,145,4.667,0,Quiet (<5),False
143,259.2,-28.421052631578945,2418,1,2433418.870247,1950-05-17,10.169528007507324,,2408,145,5.333,1,G1 (5),False
143,259.2,-28.421052631578945,2426,1,2434099.575821,1952-03-28,13.909558296203613,,2407,144,4.667,0,Quiet (<5),False
143,259.2,-28.421052631578945,2618,1,2433116.397761,1949-07-18,15.75454330444336,,2407,144,5.0,1,G1 (5),False
143,259.2,-28.421052631578945,2645,1,2433040.493703,1949-05-03,14.278953552246094,,2446,143,7.0,3,G3 (7),False
143,259.2,-28.421052631578945,2870,1,2433477.698686,1950-07-15,11.221269607543945,,2446,143,5.0,1,G1 (5),False
143,259.2,-28.421052631578945,3291,1,2433428.573826,1950-05-27,11.664546966552734,,2446,143,7.0,3,G3 (7),False
143,259.2,-28.421052631578945,3414,1,2433040.493713,1949-05-03,15.08248519897461,,2408,145,7.0,3,G3 (7),False
143,259.2,-28.421052631578945,3490,1,2434098.594716,1952-03-27,16.602460861206055,,2407,144,4.667,0,Quiet (<5),False
143,259.2,-28.421052631578945,3543,1,2433015.537256,1949-04-09,15.35015869140625,,2446,143,7.333,3,G3 (7),False
143,259.2,-28.421052631578945,3600,1,2433425.498827,1950-05-23,14.177762031555176,,2408,145,5.333,1,G1 (5),False
143,259.2,-28.421052631578945,3729,1,2434218.238607,1952-07-24,11.73393726348877,,2408,145,4.333,0,Quiet (<5),False
143,259.2,-28.421052631578945,3814,1,2433031.497607,1949-04-24,14.309882164001465,,2446,143,3.0,0,Quiet (<5),False
143,259.2,-28.421052631578945,4003,1,2433393.976077,1950-04-22,9.92564582824707,,2408,145,5.667,1,G1 (5),False
143,259.2,-28.421052631578945,4408,1,2433398.492229,1950-04-26,13.668675422668457,,2407,144,5.667,1,G1 (5),False
143,259.2,-28.421052631578945,4653,1,2433119.293136,1949-07-21,11.823446273803711,,2408,145,4.0,0,Quiet (<5),False
143,259.2,-28.421052631578945,4765,1,2433399.481601,1950-04-27,11.631540298461914,,2446,143,3.667,0,Quiet (<5),False
143,259.2,-28.421052631578945,4824,1,2433097.417928,1949-06-29,14.28984546661377,,2407,144,3.667,0,Quiet (<5),False
143,259.2,-28.421052631578945,4888,1,2433172.238063,1949-09-12,12.962871551513672,,2445,142,5.667,1,G1 (5),False
143,259.2,-28.421052631578945,5388,1,2433477.69869,1950-07-15,11.158279418945312,,2408,145,5.0,1,G1 (5),False
143,259.2,-28.421052631578945,5458,1,2434098.62415,1952-03-27,12.689725875854492,,2446,143,4.667,0,Quiet (<5),False
143,259.2,-28.421052631578945,5561,1,2434098.59474,1952-03-27,16.706140518188477,,2407,144,4.667,0,Quiet (<5),False
143,259.2,-28.421052631578945,5767,1,2433424.390016,1950-05-22,16.240257263183594,,2445,142,5.0,1,G1 (5),False
143,259.2,-28.421052631578945,5778,1,2433119.293134,1949-07-21,11.902649879455566,,2446,143,4.0,0,Quiet (<5),False
143,259.2,-28.421052631578945,5883,1,2433003.516984,1949-03-28,15.116341590881348,,2408,145,4.333,0,Quiet (<5),False
143,259.2,-28.421052631578945,5986,1,2433393.976076,1950-04-22,9.91653823852539,,2408,145,5.667,1,G1 (5),False
143,259.2,-28.421052631578945,6209,1,2433003.516995,1949-03-28,16.161781311035156,,2446,143,4.333,0,Quiet (<5),False
143,259.2,-28.421052631578945,6513,1,2433418.870237,1950-05-17,10.07075023651123,,2446,143,5.333,1,G1 (5),False
143,259.2,-28.421052631578945,6757,1,2434133.942696,1952-05-01,10.605472564697266,,2408,145,7.333,3,G3 (7),True
143,259.2,-28.421052631578945,6848,1,2433003.51699,1949-03-28,16.273225784301758,,2408,145,4.333,0,Quiet (<5),False
143,259.2,-28.421052631578945,6897,1,2433057.39199,1949-05-20,15.689666748046875,,2446,143,3.0,0,Quiet (<5),False
143,259.2,-28.421052631578945,6949,1,2433003.516977,1949-03-28,13.918510437011719,,2446,143,4.333,0,Quiet (<5),False
143,259.2,-28.421052631578945,7227,1,2433836.497879,1951-07-08,13.517101287841797,,2408,145,3.667,0,Quiet (<5),False
143,259.2,-28.421052631578945,7233,1,2433010.482578,1949-04-03,13.262484550476074,,2407,144,3.333,0,Quiet (<5),False
143,259.2,-28.421052631578945,7290,1,2434098.594719,1952-03-27,16.873924255371094,,2407,144,4.667,0,Quiet (<5),False
143,259.2,-28.421052631578945,7435,1,2434221.290114,1952-07-27,13.824786186218262,,2445,142,4.333,0,Quiet (<5),False
143,259.2,-28.421052631578945,7716,1,2434218.677894,1952-07-25,9.873542785644531,,2408,145,3.333,0,Quiet (<5),False
143,259.2,-28.421052631578945,7890,1,2434098.594711,1952-03-27,16.824308395385742,,2407,144,4.667,0,Quiet (<5),False
143,259.2,-28.421052631578945,8029,1,2434594.694173,1953-08-05,9.597044944763184,,2446,143,3.0,0,Quiet (<5),False
143,259.2,-28.421052631578945,8244,1,2433057.392002,1949-05-20,15.895562171936035,,2408,145,3.0,0,Quiet (<5),False
143,259.2,-28.421052631578945,8273,1,2432987.602733,1949-03-12,9.499791145324707,,2446,143,3.667,0,Quiet (<5),False
143,259.2,-28.421052631578945,9135,1,2434098.594743,1952-03-27,16.793231964111328,,2407,144,4.667,0,Quiet (<5),False
143,259.2,-28.421052631578945,9654,1,2433424.390022,1950-05-22,15.047472953796387,,2445,142,5.0,1,G1 (5),False
143,259.2,-28.421052631578945,9782,1,2433822.664228,1951-06-25,12.030967712402344,,2408,145,5.667,1,G1 (5),False
143,259.2,-28.421052631578945,9912,1,2433116.397755,1949-07-18,15.963687896728516,,2407,144,5.0,1,G1 (5),False
143,259.2,-28.421052631578945,9989,1,2433057.391989,1949-05-20,15.567352294921875,,2408,145,3.0,0,Quiet (<5),False
143,259.2,-28.421052631578945,10094,1,2434098.594708,1952-03-27,16.664461135864258,,2407,144,4.667,0,Quiet (<5),False
143,259.2,-28.421052631578945,10336,1,2433116.397753,1949-07-18,16.317035675048828,,2446,143,5.0,1,G1 (5),False
143,259.2,-28.421052631578945,10356,1,2433003.516965,1949-03-28,13.931921005249023,,2408,145,4.333,0,Quiet (<5),False
143,259.2,-28.421052631578945,10477,1,2433042.550013,1949-05-06,12.079488754272461,,2408,145,6.0,2,G2 (6),False
143,259.2,-28.421052631578945,10702,1,2433003.516989,1949-03-28,13.313544273376465,,2446,143,4.333,0,Quiet (<5),False
143,259.2,-28.421052631578945,11249,1,2433015.537241,1949-04-09,14.396239280700684,,2446,143,7.333,3,G3 (7),False
143,259.2,-28.421052631578945,11282,1,2433012.521286,1949-04-06,14.139507293701172,,2407,144,2.667,0,Quiet (<5),False
143,259.2,-28.421052631578945,11399,1,2434218.238628,1952-07-24,10.983442306518555,,2408,145,4.333,0,Quiet (<5),False
143,259.2,-28.421052631578945,11401,1,2433003.51699,1949-03-28,14.796924591064453,,2408,145,4.333,0,Quiet (<5),False
143,259.2,-28.421052631578945,11558,1,2433384.929872,1950-04-13,11.661105155944824,,2445,142,5.0,1,G1 (5),False
143,259.2,-28.421052631578945,11726,1,2434274.235544,1952-09-18,10.522635459899902,,2446,143,3.333,0,Quiet (<5),False
143,259.2,-28.421052631578945,11844,1,2433040.493714,1949-05-03,15.912707328796387,,2446,143,7.0,3,G3 (7),False
143,259.2,-28.421052631578945,11863,1,2433424.390028,1950-05-22,16.304515838623047,,2407,144,5.0,1,G1 (5),False
143,259.2,-28.421052631578945,11983,1,2433003.517003,1949-03-28,15.230301856994629,,2376,135,4.333,0,Quiet (<5),False
143,259.2,-28.421052631578945,12077,1,2433031.497603,1949-04-24,14.850593566894531,,2408,145,3.0,0,Quiet (<5),False
143,259.2,-28.421052631578945,12484,1,2433385.929956,1950-04-14,11.369467735290527,,2445,142,5.0,1,G1 (5),False
143,259.2,-28.421052631578945,12580,1,2433425.498824,1950-05-23,15.072708129882812,,2408,145,5.333,1,G1 (5),False
143,259.2,-28.421052631578945,12703,1,2433057.391997,1949-05-20,15.759896278381348,,2408,145,3.0,0,Quiet (<5),False
143,259.2,-28.421052631578945,12752,1,2434098.624179,1952-03-27,14.017007827758789,,2408,145,4.667,0,Quiet (<5),False
143,259.2,-28.421052631578945,12860,1,2433836.497875,1951-07-08,15.550919532775879,,2408,145,3.667,0,Quiet (<5),False
143,259.2,-28.421052631578945,12990,1,2433417.379092,1950-05-15,9.516729354858398,,2445,142,5.333,1,G1 (5),False
143,259.2,-28.421052631578945,13363,1,2434098.594719,1952-03-27,16.746822357177734,,2407,144,4.667,0,Quiet (<5),False
143,259.2,-28.421052631578945,13870,1,2433003.516988,1949-03-28,16.08147621154785,,2446,143,4.333,0,Quiet (<5),False
143,259.2,-28.421052631578945,14405,1,2433384.929874,1950-04-13,11.43594741821289,,2445,142,5.0,1,G1 (5),False
143,259.2,-28.421052631578945,14687,1,2433003.516963,1949-03-28,16.076452255249023,,2446,143,4.333,0,Quiet (<5),False
143,259.2,-28.421052631578945,14772,1,2433031.497598,1949-04-24,15.102601051330566,,2408,145,3.0,0,Quiet (<5),False
143,259.2,-28.421052631578945,14811,1,2433057.391995,1949-05-20,14.951822280883789,,2408,145,3.0,0,Quiet (<5),False
143,259.2,-28.421052631578945,14864,1,2433836.497882,1951-07-08,15.717577934265137,,2408,145,3.667,0,Quiet (<5),False
143,259.2,-28.421052631578945,14863,1,2433003.517,1949-03-28,15.70319652557373,,2408,145,4.333,0,Quiet (<5),False
143,259.2,-28.421052631578945,15051,1,2433425.498832,1950-05-23,14.936866760253906,,2408,145,5.333,1,G1 (5),False
143,259.2,-28.421052631578945,15546,1,2433391.397927,1950-04-19,16.375286102294922,,2446,143,4.667,0,Quiet (<5),False
143,259.2,-28.421052631578945,15599,1,2433751.908139,1951-04-15,11.39126968383789,,2446,143,6.0,2,G2 (6),False
143,259.2,-28.421052631578945,16095,1,2433418.870248,1950-05-17,9.984709739685059,,2376,135,5.333,1,G1 (5),False
143,259.2,-28.421052631578945,16286,1,2434098.594744,1952-03-27,16.73176383972168,,2407,144,4.667,0,Quiet (<5),False
143,259.2,-28.421052631578945,16377,1,2433003.517001,1949-03-28,13.960919380187988,,2376,135,4.333,0,Quiet (<5),False
143,259.2,-28.421052631578945,16412,1,2434274.235576,1952-09-18,11.46862506866455,,2446,143,3.333,0,Quiet (<5),False
143,259.2,-28.421052631578945,16751,1,2433003.516964,1949-03-28,14.379351615905762,,2446,143,4.333,0,Quiet (<5),False
143,259.2,-28.421052631578945,16966,1,2433418.870237,1950-05-17,10.019500732421875,,2408,145,5.333,1,G1 (5),False
143,259.2,-28.421052631578945,17057,1,2434602.308916,1953-08-12,11.011164665222168,,2446,143,5.667,1,G1 (5),True
144,273.6,-28.421052631578945,19,1,2434267.330027,1952-09-11,13.716877937316895,,1585,74,6.0,2,G2 (6),False
144,273.6,-28.421052631578945,50,1,2434267.330027,1952-09-11,14.341646194458008,,1585,74,6.0,2,G2 (6),False
144,273.6,-28.421052631578945,63,1,2434249.354493,1952-08-24,14.00454044342041,,1585,74,4.0,0,Quiet (<5),False
144,273.6,-28.421052631578945,62,1,2433421.455689,1950-05-19,16.118074417114258,,1585,74,3.0,0,Quiet (<5),False
144,273.6,-28.421052631578945,95,1,2433425.471988,1950-05-23,14.56555461883545,,1585,74,5.333,1,G1 (5),False
144,273.6,-28.421052631578945,96,1,2433896.284662,1951-09-06,14.886423110961914,,1585,74,4.667,0,Quiet (<5),False
144,273.6,-28.421052631578945,120,1,2434214.23835,1952-07-20,13.362902641296387,,1585,74,5.667,1,G1 (5),False
144,273.6,-28.421052631578945,121,1,2434210.37893,1952-07-16,13.89582633972168,,1585,74,4.0,0,Quiet (<5),False
144,273.6,-28.421052631578945,132,1,2434898.477016,1954-06-04,12.120874404907227,,1585,74,3.333,0,Quiet (<5),False
144,273.6,-28.421052631578945,165,1,2434221.236915,1952-07-27,12.457915306091309,,1585,74,4.333,0,Quiet (<5),False
144,273.6,-28.421052631578945,178,1,2434626.325153,1953-09-05,14.354307174682617,,1585,74,7.333,3,G3 (7),False
144,273.6,-28.421052631578945,173,1,2434898.477017,1954-06-04,11.681220054626465,,1585,74,3.333,0,Quiet (<5),False
144,273.6,-28.421052631578945,181,1,2434591.298794,1953-08-01,13.354636192321777,,1585,74,4.333,0,Quiet (<5),False
144,273.6,-28.421052631578945,211,1,2434898.497102,1954-06-04,11.171433448791504,,1585,74,3.333,0,Quiet (<5),False
144,273.6,-28.421052631578945,230,1,2434591.298793,1953-08-01,13.030172348022461,,1585,74,4.333,0,Quiet (<5),False
144,273.6,-28.421052631578945,298,1,2434571.373683,1953-07-12,13.766966819763184,,1585,74,4.667,0,Quiet (<5),False
144,273.6,-28.421052631578945,307,1,2434571.319666,1953-07-12,12.741687774658203,,1585,74,4.667,0,Quiet (<5),False
144,273.6,-28.421052631578945,335,1,2434267.330025,1952-09-11,14.393501281738281,,1585,74,6.0,2,G2 (6),False
144,273.6,-28.421052631578945,384,1,2434626.333461,1953-09-05,15.733941078186035,,1585,74,7.333,3,G3 (7),False
144,273.6,-28.421052631578945,414,1,2434267.330028,1952-09-11,14.443885803222656,,1585,74,6.0,2,G2 (6),False
144,273.6,-28.421052631578945,434,1,2434268.220557,1952-09-12,14.520092010498047,,1585,74,4.667,0,Quiet (<5),False
144,273.6,-28.421052631578945,460,1,2434240.381863,1952-08-15,17.190479278564453,,1585,74,3.0,0,Quiet (<5),False
144,273.6,-28.421052631578945,474,1,2433425.471988,1950-05-23,16.08953285217285,,1585,74,5.333,1,G1 (5),False
144,273.6,-28.421052631578945,509,1,2433477.25639,1950-07-14,15.753941535949707,,1585,74,7.0,3,G3 (7),False
144,273.6,-28.421052631578945,502,1,2434626.31269,1953-09-05,14.410470962524414,,1585,74,7.333,3,G3 (7),False
144,273.6,-28.421052631578945,526,1,2433897.238909,1951-09-07,12.401905059814453,,1585,74,4.667,0,Quiet (<5),False
144,273.6,-28.421052631578945,527,1,2434898.488445,1954-06-04,13.269254684448242,,1585,74,3.333,0,Quiet (<5),False
144,273.6,-28.421052631578945,544,1,2434233.262983,1952-08-08,14.202535629272461,,1585,74,4.667,0,Quiet (<5),False
144,273.6,-28.421052631578945,540,1,2434225.260396,1952-07-31,14.414886474609375,,1585,74,4.333,0,Quiet (<5),False
144,273.6,-28.421052631578945,557,1,2433425.471987,1950-05-23,14.663370132446289,,1585,74,5.333,1,G1 (5),False
144,273.6,-28.421052631578945,584,1,2434221.236912,1952-07-27,13.140564918518066,,1585,74,4.333,0,Quiet (<5),False
144,273.6,-28.421052631578945,603,1,2434221.236911,1952-07-27,13.022372245788574,,1585,74,4.333,0,Quiet (<5),False
144,273.6,-28.421052631578945,634,1,2434597.346782,1953-08-07,14.237858772277832,,1585,74,3.667,0,Quiet (<5),False
144,273.6,-28.421052631578945,643,1,2434591.298797,1953-08-01,11.681259155273438,,1585,74,4.333,0,Quiet (<5),False
144,273.6,-28.421052631578945,649,1,2434135.417869,1952-05-02,13.120739936828613,,1585,74,6.667,2,G2 (6),True
144,273.6,-28.421052631578945,679,1,2434135.434491,1952-05-02,12.823390007019043,,1585,74,6.667,2,G2 (6),True
144,273.6,-28.421052631578945,706,1,2433453.32362,1950-06-20,14.392059326171875,,1585,74,3.0,0,Quiet (<5),False
144,273.6,-28.421052631578945,705,1,2433472.326973,1950-07-09,15.097762107849121,,1585,74,3.667,0,Quiet (<5),False
144,273.6,-28.421052631578945,711,1,2434233.262984,1952-08-08,14.068516731262207,,1585,74,4.667,0,Quiet (<5),False
144,273.6,-28.421052631578945,731,1,2433836.398602,1951-07-08,15.023336410522461,,1585,74,3.667,0,Quiet (<5),False
144,273.6,-28.421052631578945,732,1,2433425.471987,1950-05-23,15.934103012084961,,1585,74,5.333,1,G1 (5),False
144,273.6,-28.421052631578945,749,1,2433425.471991,1950-05-23,15.294721603393555,,1585,74,5.333,1,G1 (5),False
144,273.6,-28.421052631578945,777,1,2433425.471989,1950-05-23,16.27579116821289,,1585,74,5.333,1,G1 (5),False
144,273.6,-28.421052631578945,783,1,2433425.471991,1950-05-23,15.860697746276855,,1585,74,5.333,1,G1 (5),False
144,273.6,-28.421052631578945,790,1,2434571.319668,1953-07-12,12.963665962219238,,1585,74,4.667,0,Quiet (<5),False
144,273.6,-28.421052631578945,806,1,2434597.346788,1953-08-07,14.137351989746094,,1585,74,3.667,0,Quiet (<5),False
144,273.6,-28.421052631578945,825,1,2433425.47199,1950-05-23,15.689410209655762,,1585,74,5.333,1,G1 (5),False
144,273.6,-28.421052631578945,837,1,2433425.47199,1950-05-23,15.915481567382812,,1585,74,5.333,1,G1 (5),False
144,273.6,-28.421052631578945,841,1,2433894.279917,1951-09-04,14.941325187683105,,1585,74,3.0,0,Quiet (<5),False
144,273.6,-28.421052631578945,869,1,2434221.30547,1952-07-27,14.638273239135742,,1585,74,4.333,0,Quiet (<5),False
144,273.6,-28.421052631578945,908,1,2433753.49409,1951-04-16,10.363055229187012,,1585,74,4.667,0,Quiet (<5),False
144,273.6,-28.421052631578945,929,1,2434898.477018,1954-06-04,11.755892753601074,,1585,74,3.333,0,Quiet (<5),False
144,273.6,-28.421052631578945,937,1,2434896.466829,1954-06-02,12.423678398132324,,1584,73,3.0,0,Quiet (<5),False
144,273.6,-28.421052631578945,939,1,2434135.417874,1952-05-02,12.290458679199219,,1585,74,6.667,2,G2 (6),True
144,273.6,-28.421052631578945,943,1,2434591.298792,1953-08-01,11.708200454711914,,1585,74,4.333,0,Quiet (<5),False
144,273.6,-28.421052631578945,997,1,2433456.282199,1950-06-23,14.503702163696289,,1585,74,5.667,1,G1 (5),False
144,273.6,-28.421052631578945,1016,1,2434233.220043,1952-08-08,14.363571166992188,,1585,74,4.667,0,Quiet (<5),False
144,273.6,-28.421052631578945,1035,1,2434210.310372,1952-07-16,12.791878700256348,,1585,74,4.0,0,Quiet (<5),False
144,273.6,-28.421052631578945,1046,1,2434626.333462,1953-09-05,15.690423965454102,,1585,74,7.333,3,G3 (7),False
144,273.6,-28.421052631578945,1053,1,2434223.263204,1952-07-29,13.348235130310059,,1585,74,4.333,0,Quiet (<5),False
144,273.6,-28.421052631578945,1083,1,2434267.330025,1952-09-11,14.0493745803833,,1585,74,6.0,2,G2 (6),False
144,273.6,-28.421052631578945,1087,1,2434135.417873,1952-05-02,12.906957626342773,,1585,74,6.667,2,G2 (6),True
144,273.6,-28.421052631578945,1091,1,2434214.238349,1952-07-20,12.554596900939941,,1585,74,5.667,1,G1 (5),False
144,273.6,-28.421052631578945,1178,1,2433753.47747,1951-04-16,12.400999069213867,,1585,74,4.667,0,Quiet (<5),False
144,273.6,-28.421052631578945,1197,1,2434268.287033,1952-09-12,14.600896835327148,,1585,74,4.667,0,Quiet (<5),False
144,273.6,-28.421052631578945,1241,1,2433425.471991,1950-05-23,15.882333755493164,,1585,74,5.333,1,G1 (5),False
144,273.6,-28.421052631578945,1299,1,2434896.466828,1954-06-02,12.862282752990723,,1584,73,3.0,0,Quiet (<5),False
144,273.6,-28.421052631578945,1298,1,2434571.319665,1953-07-12,13.296515464782715,,1585,74,4.667,0,Quiet (<5),False
144,273.6,-28.421052631578945,1307,1,2434233.262986,1952-08-08,13.464472770690918,,1585,74,4.667,0,Quiet (<5),False
144,273.6,-28.421052631578945,1309,1,2434221.236913,1952-07-27,12.754586219787598,,1585,74,4.333,0,Quiet (<5),False
144,273.6,-28.421052631578945,1329,1,2434268.26488,1952-09-12,13.936513900756836,,1585,74,4.667,0,Quiet (<5),False
144,273.6,-28.421052631578945,1338,1,2434268.264879,1952-09-12,14.5160551071167,,1585,74,4.667,0,Quiet (<5),False
144,273.6,-28.421052631578945,1351,1,2433893.367917,1951-09-03,14.435026168823242,,1585,74,3.0,0,Quiet (<5),False
144,273.6,-28.421052631578945,1372,1,2434591.260018,1953-08-01,12.641427040100098,,1585,74,4.333,0,Quiet (<5),False
144,273.6,-28.421052631578945,1387,1,2433425.471993,1950-05-23,13.3077974319458,,1585,74,5.333,1,G1 (5),False
144,273.6,-28.421052631578945,1396,1,2433427.441695,1950-05-25,14.197676658630371,,1585,74,5.333,1,G1 (5),False
144,273.6,-28.421052631578945,1392,1,2434222.237596,1952-07-28,12.646303176879883,,1585,74,4.333,0,Quiet (<5),False
144,273.6,-28.421052631578945,1408,1,2434267.330021,1952-09-11,13.294547080993652,,1585,74,6.0,2,G2 (6),False
144,273.6,-28.421052631578945,1420,1,2434626.320994,1953-09-05,15.202117919921875,,1585,74,7.333,3,G3 (7),False
144,273.6,-28.421052631578945,1432,1,2434591.27663,1953-08-01,12.39006233215332,,1585,74,4.333,0,Quiet (<5),False
144,273.6,-28.421052631578945,1441,1,2434135.620808,1952-05-03,14.214861869812012,,1585,74,7.0,3,G3 (7),False
144,273.6,-28.421052631578945,1497,1,2434221.236915,1952-07-27,13.262990951538086,,1585,74,4.333,0,Quiet (<5),False
144,273.6,-28.421052631578945,1525,1,2433425.471987,1950-05-23,16.03116226196289,,1585,74,5.333,1,G1 (5),False
144,273.6,-28.421052631578945,1576,1,2434591.298794,1953-08-01,13.514411926269531,,1585,74,4.333,0,Quiet (<5),False
144,273.6,-28.421052631578945,1583,1,2434221.236917,1952-07-27,13.452858924865723,,1585,74,4.333,0,Quiet (<5),False
144,273.6,-28.421052631578945,1590,1,2433897.229898,1951-09-07,12.958820343017578,,1585,74,4.667,0,Quiet (<5),False
144,273.6,-28.421052631578945,1621,1,2434898.464897,1954-06-04,13.675086975097656,,1585,74,3.333,0,Quiet (<5),False
144,273.6,-28.421052631578945,1618,1,2434267.33003,1952-09-11,13.943016052246094,,1585,74,6.0,2,G2 (6),False
144,273.6,-28.421052631578945,1626,1,2433425.471986,1950-05-23,16.009014129638672,,1585,74,5.333,1,G1 (5),False
144,273.6,-28.421052631578945,1673,1,2434268.287038,1952-09-12,14.414082527160645,,1585,74,4.667,0,Quiet (<5),False
144,273.6,-28.421052631578945,1695,1,2434898.497103,1954-06-04,12.334197044372559,,1585,74,3.333,0,Quiet (<5),False
144,273.6,-28.421052631578945,1770,1,2434597.346784,1953-08-07,14.108366966247559,,1585,74,3.667,0,Quiet (<5),False
144,273.6,-28.421052631578945,1798,1,2433894.279926,1951-09-04,14.91270923614502,,1585,74,3.0,0,Quiet (<5),False
144,273.6,-28.421052631578945,1802,1,2434210.310369,1952-07-16,13.385226249694824,,1585,74,4.0,0,Quiet (<5),False
144,273.6,-28.421052631578945,1814,1,2433426.637608,1950-05-25,15.835540771484375,,1585,74,5.333,1,G1 (5),False
144,273.6,-28.421052631578945,1827,1,2434896.46683,1954-06-02,12.941790580749512,,1584,73,3.0,0,Quiet (<5),False
144,273.6,-28.421052631578945,1835,1,2434267.330025,1952-09-11,14.517048835754395,,1585,74,6.0,2,G2 (6),False
144,273.6,-28.421052631578945,1858,1,2433425.471986,1950-05-23,15.873231887817383,,1585,74,5.333,1,G1 (5),False
144,273.6,-28.421052631578945,1875,1,2434214.238355,1952-07-20,13.14420223236084,,1585,74,5.667,1,G1 (5),False
144,273.6,-28.421052631578945,1889,1,2433423.419169,1950-05-21,12.832125663757324,,1257,70,3.333,0,Quiet (<5),False
144,273.6,-28.421052631578945,1894,1,2434626.325151,1953-09-05,15.44477653503418,,1585,74,7.333,3,G3 (7),False
144,273.6,-28.421052631578945,1908,1,2433474.253589,1950-07-11,16.164579391479492,,1585,74,6.0,2,G2 (6),False
144,273.6,-28.421052631578945,1931,1,2434222.237595,1952-07-28,12.087252616882324,,1585,74,4.333,0,Quiet (<5),False
144,273.6,-28.421052631578945,1953,1,2434240.306391,1952-08-15,14.704080581665039,,1585,74,3.0,0,Quiet (<5),False
144,273.6,-28.421052631578945,1955,1,2434591.298797,1953-08-01,13.716498374938965,,1585,74,4.333,0,Quiet (<5),False
144,273.6,-28.421052631578945,1967,1,2434571.391692,1953-07-12,13.55159854888916,,1585,74,4.667,0,Quiet (<5),False
144,273.6,-28.421052631578945,1991,1,2434222.237594,1952-07-28,13.423768997192383,,1585,74,4.333,0,Quiet (<5),False
144,273.6,-28.421052631578945,2001,1,2433425.471991,1950-05-23,15.929696083068848,,1585,74,5.333,1,G1 (5),False
144,273.6,-28.421052631578945,2071,1,2433894.315242,1951-09-04,12.437073707580566,,1585,74,3.0,0,Quiet (<5),False
144,273.6,-28.421052631578945,2078,1,2434222.237596,1952-07-28,13.757826805114746,,1585,74,4.333,0,Quiet (<5),False
144,273.6,-28.421052631578945,2083,1,2433425.471991,1950-05-23,16.204538345336914,,1585,74,5.333,1,G1 (5),False
144,273.6,-28.421052631578945,2102,1,2434898.497099,1954-06-04,12.094144821166992,,464,46,3.333,0,Quiet (<5),False
144,273.6,-28.421052631578945,2109,1,2434898.497099,1954-06-04,11.90306282043457,,464,46,3.333,0,Quiet (<5),False
144,273.6,-28.421052631578945,2126,1,2434898.497099,1954-06-04,12.173579216003418,,464,46,3.333,0,Quiet (<5),False
144,273.6,-28.421052631578945,2189,1,2434896.463713,1954-06-02,12.124188423156738,,1585,74,3.0,0,Quiet (<5),False
144,273.6,-28.421052631578945,2246,1,2434571.31967,1953-07-12,13.572912216186523,,464,46,4.667,0,Quiet (<5),False
144,273.6,-28.421052631578945,2264,1,2434898.497102,1954-06-04,11.755728721618652,,1585,74,3.333,0,Quiet (<5),False
144,273.6,-28.421052631578945,2280,1,2433897.229906,1951-09-07,12.583192825317383,,1257,70,4.667,0,Quiet (<5),False
144,273.6,-28.421052631578945,2303,1,2433896.258358,1951-09-06,12.844581604003906,,464,46,4.667,0,Quiet (<5),False
144,273.6,-28.421052631578945,2327,1,2434268.287045,1952-09-12,13.565556526184082,,1585,74,4.667,0,Quiet (<5),False
144,273.6,-28.421052631578945,2342,1,2433894.342239,1951-09-04,12.630555152893066,,1585,74,3.0,0,Quiet (<5),False
144,273.6,-28.421052631578945,2414,1,2433897.229909,1951-09-07,13.077898979187012,,1585,74,4.667,0,Quiet (<5),False
144,273.6,-28.421052631578945,2451,1,2434898.497103,1954-06-04,12.12601375579834,,1585,74,3.333,0,Quiet (<5),False
144,273.6,-28.421052631578945,2482,1,2434210.378927,1952-07-16,13.755277633666992,,1585,74,4.0,0,Quiet (<5),False
144,273.6,-28.421052631578945,2480,1,2433456.290509,1950-06-23,15.98369026184082,,1585,74,5.667,1,G1 (5),False
144,273.6,-28.421052631578945,2495,1,2434221.236918,1952-07-27,13.309874534606934,,1585,74,4.333,0,Quiet (<5),False
144,273.6,-28.421052631578945,2499,1,2434267.330032,1952-09-11,14.535211563110352,,1585,74,6.0,2,G2 (6),False
144,273.6,-28.421052631578945,2513,1,2433425.471993,1950-05-23,15.926634788513184,,1585,74,5.333,1,G1 (5),False
144,273.6,-28.421052631578945,2521,1,2434571.373682,1953-07-12,12.35367488861084,,1585,74,4.667,0,Quiet (<5),False
144,273.6,-28.421052631578945,2553,1,2434214.238348,1952-07-20,12.890555381774902,,1585,74,5.667,1,G1 (5),False
144,273.6,-28.421052631578945,2576,1,2433425.47199,1950-05-23,15.030959129333496,,1585,74,5.333,1,G1 (5),False
144,273.6,-28.421052631578945,2587,1,2433425.471992,1950-05-23,15.334728240966797,,1585,74,5.333,1,G1 (5),False
144,273.6,-28.421052631578945,2631,1,2434222.237591,1952-07-28,13.380814552307129,,1585,74,4.333,0,Quiet (<5),False
144,273.6,-28.421052631578945,2634,1,2434135.417879,1952-05-02,12.778145790100098,,1585,74,6.667,2,G2 (6),True
144,273.6,-28.421052631578945,2726,1,2434899.459078,1954-06-05,12.0529146194458,,1585,74,3.333,0,Quiet (<5),False
144,273.6,-28.421052631578945,2727,1,2434221.236916,1952-07-27,13.365707397460938,,1585,74,4.333,0,Quiet (<5),False
144,273.6,-28.421052631578945,2744,1,2433425.471985,1950-05-23,16.133132934570312,,464,46,5.333,1,G1 (5),False
144,273.6,-28.421052631578945,2794,1,2434214.238355,1952-07-20,12.873974800109863,,1585,74,5.667,1,G1 (5),False
144,273.6,-28.421052631578945,2795,1,2433894.27993,1951-09-04,14.743043899536133,,464,46,3.0,0,Quiet (<5),False
144,273.6,-28.421052631578945,2800,1,2434899.459083,1954-06-05,11.996432304382324,,1585,74,3.333,0,Quiet (<5),False
144,273.6,-28.421052631578945,2840,1,2434268.220568,1952-09-12,14.704730987548828,,464,46,4.667,0,Quiet (<5),False
144,273.6,-28.421052631578945,2831,1,2434214.238353,1952-07-20,12.678704261779785,,1585,74,5.667,1,G1 (5),False
144,273.6,-28.421052631578945,2867,1,2434898.477018,1954-06-04,12.182151794433594,,1585,74,3.333,0,Quiet (<5),False
144,273.6,-28.421052631578945,2878,1,2434249.225693,1952-08-24,14.723421096801758,,1257,70,4.0,0,Quiet (<5),False
144,273.6,-28.421052631578945,2881,1,2433427.475626,1950-05-25,15.571105003356934,,1257,70,5.333,1,G1 (5),False
144,273.6,-28.421052631578945,2900,1,2434591.298788,1953-08-01,13.64609146118164,,1585,74,4.333,0,Quiet (<5),False
144,273.6,-28.421052631578945,2939,1,2433425.471989,1950-05-23,15.980104446411133,,1257,70,5.333,1,G1 (5),False
144,273.6,-28.421052631578945,2952,1,2433425.471994,1950-05-23,14.788430213928223,,1585,74,5.333,1,G1 (5),False
144,273.6,-28.421052631578945,2973,1,2434225.260397,1952-07-31,14.275654792785645,,1257,70,4.333,0,Quiet (<5),False
144,273.6,-28.421052631578945,2977,1,2434214.238349,1952-07-20,13.101371765136719,,1257,70,5.667,1,G1 (5),False
144,273.6,-28.421052631578945,2989,1,2433425.471991,1950-05-23,14.957666397094727,,1585,74,5.333,1,G1 (5),False
144,273.6,-28.421052631578945,2990,1,2434267.330034,1952-09-11,13.9467134475708,,1585,74,6.0,2,G2 (6),False
144,273.6,-28.421052631578945,3020,1,2434899.459083,1954-06-05,11.568110466003418,,1585,74,3.333,0,Quiet (<5),False
144,273.6,-28.421052631578945,3037,1,2434268.28703,1952-09-12,14.090353965759277,,1585,74,4.667,0,Quiet (<5),False
144,273.6,-28.421052631578945,3043,1,2434623.345036,1953-09-02,14.881743431091309,,1585,74,5.0,1,G1 (5),True
144,273.6,-28.421052631578945,3062,1,2433425.471992,1950-05-23,16.247879028320312,,1585,74,5.333,1,G1 (5),False
144,273.6,-28.421052631578945,3077,1,2434268.264875,1952-09-12,14.223010063171387,,1257,70,4.667,0,Quiet (<5),False
144,273.6,-28.421052631578945,3154,1,2434571.319669,1953-07-12,13.605754852294922,,464,46,4.667,0,Quiet (<5),False
144,273.6,-28.421052631578945,3162,1,2433425.471986,1950-05-23,16.016864776611328,,1585,74,5.333,1,G1 (5),False
144,273.6,-28.421052631578945,3165,1,2434240.381865,1952-08-15,14.612561225891113,,1257,70,3.0,0,Quiet (<5),False
144,273.6,-28.421052631578945,3185,1,2433456.298818,1950-06-23,15.64500617980957,,1257,70,5.667,1,G1 (5),False
144,273.6,-28.421052631578945,3188,1,2434899.459081,1954-06-05,11.70949935913086,,1585,74,3.333,0,Quiet (<5),False
144,273.6,-28.421052631578945,3195,1,2433753.537038,1951-04-17,12.917398452758789,,1585,74,3.667,0,Quiet (<5),False
144,273.6,-28.421052631578945,3204,1,2434240.404022,1952-08-15,14.187575340270996,,1585,74,3.0,0,Quiet (<5),False
144,273.6,-28.421052631578945,3206,1,2434221.236913,1952-07-27,13.439379692077637,,1257,70,4.333,0,Quiet (<5),False
144,273.6,-28.421052631578945,3226,1,2434240.404019,1952-08-15,14.44489574432373,,1585,74,3.0,0,Quiet (<5),False
144,273.6,-28.421052631578945,3229,1,2434267.330034,1952-09-11,14.22842788696289,,1585,74,6.0,2,G2 (6),False
144,273.6,-28.421052631578945,3250,1,2434626.316852,1953-09-05,14.524715423583984,,464,46,7.333,3,G3 (7),False
144,273.6,-28.421052631578945,3246,1,2434896.463713,1954-06-02,11.959397315979004,,1257,70,3.0,0,Quiet (<5),False
144,273.6,-28.421052631578945,3240,1,2434240.40403,1952-08-15,14.745288848876953,,1585,74,3.0,0,Quiet (<5),False
144,273.6,-28.421052631578945,3263,1,2434267.330019,1952-09-11,14.094157218933105,,1585,74,6.0,2,G2 (6),False
144,273.6,-28.421052631578945,3268,1,2433425.471995,1950-05-23,15.570920944213867,,1585,74,5.333,1,G1 (5),False
144,273.6,-28.421052631578945,3285,1,2434626.316841,1953-09-05,14.499129295349121,,1585,74,7.333,3,G3 (7),False
144,273.6,-28.421052631578945,3290,1,2433897.238909,1951-09-07,13.110919952392578,,1585,74,4.667,0,Quiet (<5),False
144,273.6,-28.421052631578945,3308,1,2433425.471987,1950-05-23,15.196693420410156,,1257,70,5.333,1,G1 (5),False
144,273.6,-28.421052631578945,3309,1,2433425.471993,1950-05-23,15.615243911743164,,1585,74,5.333,1,G1 (5),False
144,273.6,-28.421052631578945,3335,1,2433893.27998,1951-09-03,12.074065208435059,,1585,74,3.0,0,Quiet (<5),False
144,273.6,-28.421052631578945,3342,1,2434898.497104,1954-06-04,11.825287818908691,,1585,74,3.333,0,Quiet (<5),False
144,273.6,-28.421052631578945,3360,1,2434240.404022,1952-08-15,14.557511329650879,,1257,70,3.0,0,Quiet (<5),False
144,273.6,-28.421052631578945,3417,1,2433474.27021,1950-07-11,15.427282333374023,,1585,74,6.0,2,G2 (6),False
144,273.6,-28.421052631578945,3427,1,2434571.319668,1953-07-12,13.697269439697266,,1585,74,4.667,0,Quiet (<5),False
144,273.6,-28.421052631578945,3461,1,2433894.315238,1951-09-04,11.406070709228516,,1257,70,3.0,0,Quiet (<5),False
144,273.6,-28.421052631578945,3522,1,2434222.237591,1952-07-28,13.75679874420166,,1585,74,4.333,0,Quiet (<5),False
144,273.6,-28.421052631578945,3533,1,2434632.238601,1953-09-11,13.439030647277832,,1585,74,5.667,1,G1 (5),True
144,273.6,-28.421052631578945,3545,1,2433425.471984,1950-05-23,15.612645149230957,,464,46,5.333,1,G1 (5),False
144,273.6,-28.421052631578945,3546,1,2434896.47098,1954-06-02,12.714468002319336,,464,46,3.0,0,Quiet (<5),False
144,273.6,-28.421052631578945,3567,1,2433896.258339,1951-09-06,12.798213005065918,,1585,74,4.667,0,Quiet (<5),False
144,273.6,-28.421052631578945,3603,1,2433425.471993,1950-05-23,16.16974639892578,,1585,74,5.333,1,G1 (5),False
144,273.6,-28.421052631578945,3599,1,2434896.466825,1954-06-02,12.630729675292969,,1257,70,3.0,0,Quiet (<5),False
144,273.6,-28.421052631578945,3618,1,2434222.237595,1952-07-28,12.902511596679688,,1585,74,4.333,0,Quiet (<5),False
144,273.6,-28.421052631578945,3617,1,2434571.39169,1953-07-12,13.74255657196045,,1257,70,4.667,0,Quiet (<5),False
144,273.6,-28.421052631578945,3636,1,2434240.404027,1952-08-15,14.13926887512207,,1257,70,3.0,0,Quiet (<5),False
144,273.6,-28.421052631578945,3650,1,2434221.236912,1952-07-27,13.323529243469238,,1585,74,4.333,0,Quiet (<5),False
144,273.6,-28.421052631578945,3653,1,2433468.40169,1950-07-05,12.860344886779785,,1585,74,6.0,2,G2 (6),False
144,273.6,-28.421052631578945,3669,1,2434571.373687,1953-07-12,12.966874122619629,,464,46,4.667,0,Quiet (<5),False
144,273.6,-28.421052631578945,3681,1,2433894.324231,1951-09-04,10.486550331115723,,1585,74,3.0,0,Quiet (<5),False
144,273.6,-28.421052631578945,3723,1,2434221.236919,1952-07-27,13.168145179748535,,464,46,4.333,0,Quiet (<5),False
144,273.6,-28.421052631578945,3725,1,2434221.236911,1952-07-27,12.673563957214355,,1257,70,4.333,0,Quiet (<5),False
144,273.6,-28.421052631578945,3731,1,2434267.330029,1952-09-11,13.593840599060059,,1256,69,6.0,2,G2 (6),False
144,273.6,-28.421052631578945,3735,1,2434253.222732,1952-08-28,13.375587463378906,,1256,69,4.0,0,Quiet (<5),False
144,273.6,-28.421052631578945,3743,1,2434268.287041,1952-09-12,14.54134464263916,,1257,70,4.667,0,Quiet (<5),False
144,273.6,-28.421052631578945,3760,1,2433455.403351,1950-06-22,15.939101219177246,,1257,70,3.667,0,Quiet (<5),False
144,273.6,-28.421052631578945,3757,1,2434571.391691,1953-07-12,13.719510078430176,,1585,74,4.667,0,Quiet (<5),False
144,273.6,-28.421052631578945,3767,1,2434240.381858,1952-08-15,14.685816764831543,,1585,74,3.0,0,Quiet (<5),False
144,273.6,-28.421052631578945,3782,1,2434636.365795,1953-09-15,12.963254928588867,,1257,70,5.0,1,G1 (5),False
144,273.6,-28.421052631578945,3809,1,2433425.471985,1950-05-23,16.037668228149414,,464,46,5.333,1,G1 (5),False
144,273.6,-28.421052631578945,3812,1,2434268.287038,1952-09-12,14.066911697387695,,1257,70,4.667,0,Quiet (<5),False
144,273.6,-28.421052631578945,3816,1,2433897.229897,1951-09-07,12.471368789672852,,1257,70,4.667,0,Quiet (<5),False
144,273.6,-28.421052631578945,3836,1,2433422.435,1950-05-20,15.134807586669922,,464,46,3.333,0,Quiet (<5),False
144,273.6,-28.421052631578945,3847,1,2434240.404035,1952-08-15,14.71765422821045,,464,46,3.0,0,Quiet (<5),False
144,273.6,-28.421052631578945,3852,1,2434223.22026,1952-07-29,13.813850402832031,,1585,74,4.333,0,Quiet (<5),False
144,273.6,-28.421052631578945,3879,1,2433425.471993,1950-05-23,15.415777206420898,,1585,74,5.333,1,G1 (5),False
144,273.6,-28.421052631578945,3887,1,2433509.327927,1950-08-15,14.746084213256836,,464,46,5.333,1,G1 (5),False
144,273.6,-28.421052631578945,3884,1,2434098.622919,1952-03-27,13.097277641296387,,1257,70,4.667,0,Quiet (<5),False
144,273.6,-28.421052631578945,3894,1,2434135.417868,1952-05-02,11.923147201538086,,1585,74,6.667,2,G2 (6),True
144,273.6,-28.421052631578945,3904,1,2433474.270215,1950-07-11,16.175601959228516,,464,46,6.0,2,G2 (6),False
144,273.6,-28.421052631578945,3916,1,2434221.305475,1952-07-27,14.255831718444824,,1585,74,4.333,0,Quiet (<5),False
144,273.6,-28.421052631578945,3953,1,2434268.287031,1952-09-12,14.292951583862305,,1257,70,4.667,0,Quiet (<5),False
144,273.6,-28.421052631578945,3978,1,2433425.471989,1950-05-23,15.902070045471191,,1257,70,5.333,1,G1 (5),False
144,273.6,-28.421052631578945,3979,1,2433425.471992,1950-05-23,14.497017860412598,,1585,74,5.333,1,G1 (5),False
144,273.6,-28.421052631578945,3983,1,2433425.471986,1950-05-23,15.169321060180664,,1257,70,5.333,1,G1 (5),False
144,273.6,-28.421052631578945,3993,1,2434244.2259,1952-08-19,14.859699249267578,,1257,70,5.333,1,G1 (5),False
144,273.6,-28.421052631578945,4002,1,2433425.471995,1950-05-23,14.63238525390625,,1585,74,5.333,1,G1 (5),False
144,273.6,-28.421052631578945,4009,1,2434221.236919,1952-07-27,13.102254867553711,,1585,74,4.333,0,Quiet (<5),False
144,273.6,-28.421052631578945,4032,1,2433893.367923,1951-09-03,14.571381568908691,,1257,70,3.0,0,Quiet (<5),False
144,273.6,-28.421052631578945,4039,1,2433425.471984,1950-05-23,16.214214324951172,,464,46,5.333,1,G1 (5),False
144,273.6,-28.421052631578945,4048,1,2434249.268618,1952-08-24,14.61135196685791,,1585,74,4.0,0,Quiet (<5),False
144,273.6,-28.421052631578945,4107,1,2434896.463708,1954-06-02,11.571150779724121,,1257,70,3.0,0,Quiet (<5),False
144,273.6,-28.421052631578945,4167,1,2433810.465131,1951-06-12,12.689146041870117,,1257,70,4.0,0,Quiet (<5),False
144,273.6,-28.421052631578945,4178,1,2433425.471991,1950-05-23,15.518115997314453,,1257,70,5.333,1,G1 (5),False
144,273.6,-28.421052631578945,4220,1,2434135.41788,1952-05-02,12.763359069824219,,1585,74,6.667,2,G2 (6),True
144,273.6,-28.421052631578945,4225,1,2434135.434485,1952-05-02,12.797053337097168,,464,46,6.667,2,G2 (6),True
144,273.6,-28.421052631578945,4247,1,2433897.229913,1951-09-07,12.320786476135254,,464,46,4.667,0,Quiet (<5),False
144,273.6,-28.421052631578945,4269,1,2433422.435,1950-05-20,16.025753021240234,,464,46,3.333,0,Quiet (<5),False
144,273.6,-28.421052631578945,4283,1,2434233.262976,1952-08-08,13.86762523651123,,1257,70,4.667,0,Quiet (<5),False
144,273.6,-28.421052631578945,4350,1,2434898.477018,1954-06-04,12.135300636291504,,1585,74,3.333,0,Quiet (<5),False
144,273.6,-28.421052631578945,4358,1,2434591.29879,1953-08-01,13.371152877807617,,1585,74,4.333,0,Quiet (<5),False
144,273.6,-28.421052631578945,4356,1,2434214.238353,1952-07-20,13.095392227172852,,1257,70,5.667,1,G1 (5),False
144,273.6,-28.421052631578945,4355,1,2433456.282199,1950-06-23,15.424967765808105,,1585,74,5.667,1,G1 (5),False
144,273.6,-28.421052631578945,4411,1,2433425.471983,1950-05-23,15.731658935546875,,464,46,5.333,1,G1 (5),False
144,273.6,-28.421052631578945,4449,1,2434591.349354,1953-08-01,13.096345901489258,,464,46,4.333,0,Quiet (<5),False
144,273.6,-28.421052631578945,4496,1,2433425.610511,1950-05-24,15.841873168945312,,1585,74,5.333,1,G1 (5),False
144,273.6,-28.421052631578945,4512,1,2434898.488442,1954-06-04,13.071417808532715,,464,46,3.333,0,Quiet (<5),False
144,273.6,-28.421052631578945,4514,1,2433858.424237,1951-07-30,15.554581642150879,,464,46,5.333,1,G1 (5),False
144,273.6,-28.421052631578945,4526,1,2434240.381874,1952-08-15,14.42861557006836,,464,46,3.0,0,Quiet (<5),False
144,273.6,-28.421052631578945,4533,1,2433480.332587,1950-07-17,15.915356636047363,,464,46,4.0,0,Quiet (<5),False
144,273.6,-28.421052631578945,4551,1,2434210.310375,1952-07-16,13.156570434570312,,464,46,4.0,0,Quiet (<5),False
144,273.6,-28.421052631578945,4541,1,2434896.46683,1954-06-02,13.092022895812988,,1257,70,3.0,0,Quiet (<5),False
144,273.6,-28.421052631578945,4586,1,2434233.220043,1952-08-08,14.129722595214844,,1257,70,4.667,0,Quiet (<5),False
144,273.6,-28.421052631578945,4600,1,2434214.238354,1952-07-20,13.103416442871094,,1257,70,5.667,1,G1 (5),False
144,273.6,-28.421052631578945,4611,1,2433896.284651,1951-09-06,14.385018348693848,,1585,74,4.667,0,Quiet (<5),False
144,273.6,-28.421052631578945,4609,1,2433802.411281,1951-06-04,15.321224212646484,,1585,74,4.333,0,Quiet (<5),False
144,273.6,-28.421052631578945,4613,1,2434222.237587,1952-07-28,13.450182914733887,,1585,74,4.333,0,Quiet (<5),False
144,273.6,-28.421052631578945,4628,1,2434236.263594,1952-08-11,13.943503379821777,,464,46,4.333,0,Quiet (<5),False
144,273.6,-28.421052631578945,4631,1,2433425.471991,1950-05-23,15.810050964355469,,1585,74,5.333,1,G1 (5),False
144,273.6,-28.421052631578945,4633,1,2433893.279963,1951-09-03,12.203763961791992,,1585,74,3.0,0,Quiet (<5),False
144,273.6,-28.421052631578945,4649,1,2434898.48844,1954-06-04,13.21063232421875,,464,46,3.333,0,Quiet (<5),False
144,273.6,-28.421052631578945,4668,1,2434590.264194,1953-07-31,11.899454116821289,,464,46,4.667,0,Quiet (<5),False
144,273.6,-28.421052631578945,4663,1,2434896.466823,1954-06-02,13.113336563110352,,1257,70,3.0,0,Quiet (<5),False
144,273.6,-28.421052631578945,4724,1,2434268.264889,1952-09-12,14.545243263244629,,464,46,4.667,0,Quiet (<5),False
144,273.6,-28.421052631578945,4808,1,2434571.391694,1953-07-12,13.663453102111816,,464,46,4.667,0,Quiet (<5),False
144,273.6,-28.421052631578945,4884,1,2434240.349319,1952-08-15,14.414838790893555,,1257,70,3.0,0,Quiet (<5),False
144,273.6,-28.421052631578945,4907,1,2434267.330023,1952-09-11,14.383688926696777,,1256,69,6.0,2,G2 (6),False
144,273.6,-28.421052631578945,4938,1,2433477.256385,1950-07-14,15.222193717956543,,1585,74,7.0,3,G3 (7),False
144,273.6,-28.421052631578945,4940,1,2433420.444506,1950-05-18,12.224852561950684,,1257,70,3.333,0,Quiet (<5),False
144,273.6,-28.421052631578945,4956,1,2434591.34934,1953-08-01,13.134244918823242,,1585,74,4.333,0,Quiet (<5),False
144,273.6,-28.421052631578945,4962,1,2433425.471989,1950-05-23,13.801924705505371,,1585,74,5.333,1,G1 (5),False
144,273.6,-28.421052631578945,4970,1,2434268.220551,1952-09-12,14.46378231048584,,1585,74,4.667,0,Quiet (<5),False
144,273.6,-28.421052631578945,4981,1,2433425.471984,1950-05-23,15.873579978942871,,1257,70,5.333,1,G1 (5),False
144,273.6,-28.421052631578945,5023,1,2433425.471984,1950-05-23,16.11506462097168,,464,46,5.333,1,G1 (5),False
144,273.6,-28.421052631578945,5040,1,2434222.237596,1952-07-28,13.632110595703125,,1257,70,4.333,0,Quiet (<5),False
144,273.6,-28.421052631578945,5039,1,2434571.319663,1953-07-12,12.860464096069336,,1585,74,4.667,0,Quiet (<5),False
144,273.6,-28.421052631578945,5053,1,2434898.497097,1954-06-04,12.20304012298584,,464,46,3.333,0,Quiet (<5),False
144,273.6,-28.421052631578945,5068,1,2433123.282378,1949-07-25,15.715453147888184,,464,46,4.333,0,Quiet (<5),False
144,273.6,-28.421052631578945,5064,1,2433753.528721,1951-04-17,13.071175575256348,,1585,74,3.667,0,Quiet (<5),False
144,273.6,-28.421052631578945,5093,1,2433894.279932,1951-09-04,14.686300277709961,,464,46,3.0,0,Quiet (<5),False
144,273.6,-28.421052631578945,5083,1,2434135.417879,1952-05-02,12.913244247436523,,1257,70,6.667,2,G2 (6),True
144,273.6,-28.421052631578945,5088,1,2434898.497098,1954-06-04,11.537952423095703,,1257,70,3.333,0,Quiet (<5),False
144,273.6,-28.421052631578945,5120,1,2434896.466826,1954-06-02,13.157503128051758,,1257,70,3.0,0,Quiet (<5),False
144,273.6,-28.421052631578945,5124,1,2433425.471996,1950-05-23,15.485310554504395,,1585,74,5.333,1,G1 (5),False
144,273.6,-28.421052631578945,5136,1,2434898.488446,1954-06-04,13.098860740661621,,1257,70,3.333,0,Quiet (<5),False
144,273.6,-28.421052631578945,5141,1,2434221.236908,1952-07-27,13.51395034790039,,1257,70,4.333,0,Quiet (<5),False
144,273.6,-28.421052631578945,5159,1,2434224.260421,1952-07-30,14.208884239196777,,464,46,2.0,0,Quiet (<5),False
144,273.6,-28.421052631578945,5180,1,2434898.48844,1954-06-04,12.676499366760254,,464,46,3.333,0,Quiet (<5),False
144,273.6,-28.421052631578945,5198,1,2433425.471991,1950-05-23,15.036459922790527,,1257,70,5.333,1,G1 (5),False
144,273.6,-28.421052631578945,5196,1,2433425.471987,1950-05-23,16.258438110351562,,1585,74,5.333,1,G1 (5),False
144,273.6,-28.421052631578945,5211,1,2434571.373685,1953-07-12,11.980204582214355,,1257,70,4.667,0,Quiet (<5),False
144,273.6,-28.421052631578945,5208,1,2434626.316831,1953-09-05,14.35862922668457,,1585,74,7.333,3,G3 (7),False
144,273.6,-28.421052631578945,5214,1,2433425.471991,1950-05-23,15.76206111907959,,1257,70,5.333,1,G1 (5),False
144,273.6,-28.421052631578945,5222,1,2434222.237586,1952-07-28,13.356184005737305,,1585,74,4.333,0,Quiet (<5),False
144,273.6,-28.421052631578945,5259,1,2434626.325144,1953-09-05,15.400793075561523,,1257,70,7.333,3,G3 (7),False
144,273.6,-28.421052631578945,5305,1,2433897.229891,1951-09-07,13.08661937713623,,1585,74,4.667,0,Quiet (<5),False
144,273.6,-28.421052631578945,5309,1,2434896.463709,1954-06-02,11.678230285644531,,1257,70,3.0,0,Quiet (<5),False
144,273.6,-28.421052631578945,5317,1,2434571.31967,1953-07-12,13.62670612335205,,1585,74,4.667,0,Quiet (<5),False
144,273.6,-28.421052631578945,5354,1,2434221.236915,1952-07-27,13.480164527893066,,1257,70,4.333,0,Quiet (<5),False
144,273.6,-28.421052631578945,5367,1,2433425.471991,1950-05-23,15.994742393493652,,1585,74,5.333,1,G1 (5),False
144,273.6,-28.421052631578945,5377,1,2434222.237585,1952-07-28,13.819982528686523,,1585,74,4.333,0,Quiet (<5),False
144,273.6,-28.421052631578945,5379,1,2434253.366068,1952-08-28,13.607163429260254,,1585,74,4.0,0,Quiet (<5),False
144,273.6,-28.421052631578945,5382,1,2434626.316846,1953-09-05,14.311949729919434,,1257,70,7.333,3,G3 (7),False
144,273.6,-28.421052631578945,5398,1,2434590.264188,1953-07-31,12.74556827545166,,1585,74,4.667,0,Quiet (<5),False
144,273.6,-28.421052631578945,5403,1,2433425.471989,1950-05-23,14.370162010192871,,1257,70,5.333,1,G1 (5),False
144,273.6,-28.421052631578945,5408,1,2433425.471993,1950-05-23,15.454436302185059,,1585,74,5.333,1,G1 (5),False
144,273.6,-28.421052631578945,5429,1,2434222.220966,1952-07-28,11.674545288085938,,1585,74,4.333,0,Quiet (<5),False
144,273.6,-28.421052631578945,5436,1,2433425.471995,1950-05-23,16.128400802612305,,1585,74,5.333,1,G1 (5),False
144,273.6,-28.421052631578945,5461,1,2433425.471989,1950-05-23,14.777917861938477,,1585,74,5.333,1,G1 (5),False
144,273.6,-28.421052631578945,5493,1,2434221.305467,1952-07-27,13.84372615814209,,1257,70,4.333,0,Quiet (<5),False
144,273.6,-28.421052631578945,5487,1,2433425.471995,1950-05-23,14.807214736938477,,1585,74,5.333,1,G1 (5),False
144,273.6,-28.421052631578945,5504,1,2433425.471987,1950-05-23,15.783064842224121,,1257,70,5.333,1,G1 (5),False
144,273.6,-28.421052631578945,5501,1,2433753.54535,1951-04-17,13.258699417114258,,1585,74,3.667,0,Quiet (<5),False
144,273.6,-28.421052631578945,5523,1,2434898.488448,1954-06-04,12.844505310058594,,1585,74,3.333,0,Quiet (<5),False
144,273.6,-28.421052631578945,5530,1,2434212.363695,1952-07-18,14.917133331298828,,1257,70,2.667,0,Quiet (<5),False
144,273.6,-28.421052631578945,5546,1,2433425.471986,1950-05-23,15.711540222167969,,1257,70,5.333,1,G1 (5),False
144,273.6,-28.421052631578945,5543,1,2434221.236907,1952-07-27,12.535744667053223,,1585,74,4.333,0,Quiet (<5),False
144,273.6,-28.421052631578945,5589,1,2433472.298574,1950-07-09,16.26613426208496,,1257,70,3.667,0,Quiet (<5),False
144,273.6,-28.421052631578945,5596,1,2434221.23692,1952-07-27,12.903409004211426,,464,46,4.333,0,Quiet (<5),False
144,273.6,-28.421052631578945,5640,1,2433425.471995,1950-05-23,16.195743560791016,,1585,74,5.333,1,G1 (5),False
144,273.6,-28.421052631578945,5681,1,2434233.220041,1952-08-08,13.674049377441406,,1585,74,4.667,0,Quiet (<5),False
144,273.6,-28.421052631578945,5743,1,2434222.220968,1952-07-28,13.274641036987305,,1585,74,4.333,0,Quiet (<5),False
144,273.6,-28.421052631578945,5775,1,2434240.306393,1952-08-15,14.473337173461914,,464,46,3.0,0,Quiet (<5),False
144,273.6,-28.421052631578945,5798,1,2433425.471996,1950-05-23,15.077532768249512,,1585,74,5.333,1,G1 (5),False
144,273.6,-28.421052631578945,5808,1,2433425.471989,1950-05-23,15.556915283203125,,1257,70,5.333,1,G1 (5),False
144,273.6,-28.421052631578945,5833,1,2433474.278525,1950-07-11,16.069089889526367,,464,46,6.0,2,G2 (6),False
144,273.6,-28.421052631578945,5842,1,2433421.427993,1950-05-19,16.412574768066406,,1585,74,3.0,0,Quiet (<5),False
144,273.6,-28.421052631578945,5843,1,2433425.471996,1950-05-23,15.60501480102539,,1585,74,5.333,1,G1 (5),False
144,273.6,-28.421052631578945,5850,1,2433425.471996,1950-05-23,15.948650360107422,,1585,74,5.333,1,G1 (5),False
146,302.40000000000003,-28.421052631578945,605,1,2433838.444776,1951-07-10,14.489599227905273,,2277,117,4.0,0,Quiet (<5),False
148,331.2,-28.421052631578945,320,1,2433896.403647,1951-09-06,10.151232719421387,,2284,97,4.667,0,Quiet (<5),False
151,14.4,-22.10526315789474,184,1,2433099.574446,1949-07-02,12.406150817871094,,1621,151,2.667,0,Quiet (<5),False
153,43.2,-22.10526315789474,64,1,2433095.640523,1949-06-28,13.956474304199219,,1725,155,3.333,0,Quiet (<5),False
153,43.2,-22.10526315789474,159,1,2433533.951186,1950-09-09,10.469337463378906,,1725,155,5.667,1,G1 (5),False
154,57.6,-22.10526315789474,19,1,2433180.930937,1949-09-21,12.13408374786377,,1462,150,2.0,0,Quiet (<5),False
155,72.0,-22.10526315789474,166,1,2433624.79534,1950-12-09,15.800079345703125,,1490,156,3.667,0,Quiet (<5),False
155,72.0,-22.10526315789474,173,1,2433538.963603,1950-09-14,10.875160217285156,,1490,156,4.667,0,Quiet (<5),False
155,72.0,-22.10526315789474,206,1,2433984.409437,1951-12-03,14.851363182067871,,1458,150,4.0,0,Quiet (<5),False
156,86.4,-22.10526315789474,54,1,2433718.262067,1951-03-12,14.096867561340332,,1651,149,5.667,1,G1 (5),False
156,86.4,-22.10526315789474,129,1,2433185.547328,1949-09-26,16.201587677001953,,1651,149,5.333,1,G1 (5),False
156,86.4,-22.10526315789474,181,1,2433151.634051,1949-08-23,16.567626953125,,1539,139,2.667,0,Quiet (<5),False
156,86.4,-22.10526315789474,312,1,2433300.306702,1950-01-18,11.203125,,1652,150,3.667,0,Quiet (<5),False
156,86.4,-22.10526315789474,310,1,2433300.384262,1950-01-18,11.346248626708984,,1652,150,3.667,0,Quiet (<5),False
157,100.8,-22.10526315789474,739,1,2433158.616619,1949-08-30,13.976140975952148,,1837,140,3.333,0,Quiet (<5),False
157,100.8,-22.10526315789474,741,1,2433250.544968,1949-11-30,14.680356979370117,,1837,140,5.333,1,G1 (5),False
157,100.8,-22.10526315789474,792,1,2434036.28137,1952-01-24,14.752215385437012,,1837,140,4.333,0,Quiet (<5),False
157,100.8,-22.10526315789474,951,1,2433325.364962,1950-02-12,15.547197341918945,,1837,140,2.667,0,Quiet (<5),False
157,100.8,-22.10526315789474,976,1,2432941.311584,1949-01-24,13.412864685058594,,1837,140,7.333,3,G3 (7),False
157,100.8,-22.10526315789474,1164,1,2433031.225798,1949-04-24,15.107853889465332,,1837,140,3.0,0,Quiet (<5),False
157,100.8,-22.10526315789474,1427,1,2434036.281377,1952-01-24,15.766033172607422,,1897,143,4.333,0,Quiet (<5),False
157,100.8,-22.10526315789474,1521,1,2433211.521131,1949-10-22,15.156314849853516,,1838,141,5.667,1,G1 (5),False
157,100.8,-22.10526315789474,1966,1,2432922.404562,1949-01-05,14.326119422912598,,1838,141,2.333,0,Quiet (<5),False
158,115.2,-22.10526315789474,51,1,2433185.610139,1949-09-26,13.997892379760742,,2068,139,5.333,1,G1 (5),False
158,115.2,-22.10526315789474,70,1,2434036.314312,1952-01-24,15.199562072753906,,2068,139,4.333,0,Quiet (<5),False
158,115.2,-22.10526315789474,81,1,2434033.316274,1952-01-21,14.588836669921875,,2068,139,2.333,0,Quiet (<5),False
158,115.2,-22.10526315789474,280,1,2433652.348731,1951-01-05,14.002873420715332,,2069,140,5.0,1,G1 (5),False
158,115.2,-22.10526315789474,334,1,2433299.382999,1950-01-17,14.112857818603516,,2062,140,4.0,0,Quiet (<5),False
158,115.2,-22.10526315789474,337,1,2434463.310273,1953-03-26,15.867410659790039,,2068,139,6.667,2,G2 (6),False
158,115.2,-22.10526315789474,368,1,2434463.310272,1953-03-26,13.694191932678223,,2068,139,6.667,2,G2 (6),False
158,115.2,-22.10526315789474,465,1,2434463.31027,1953-03-26,15.533584594726562,,2068,139,6.667,2,G2 (6),False
158,115.2,-22.10526315789474,490,1,2434463.310276,1953-03-26,14.838780403137207,,2068,139,6.667,2,G2 (6),False
158,115.2,-22.10526315789474,977,1,2433185.610132,1949-09-26,14.234355926513672,,2068,139,5.333,1,G1 (5),False
158,115.2,-22.10526315789474,1003,1,2433010.259252,1949-04-03,15.000480651855469,,2114,143,3.333,0,Quiet (<5),False
158,115.2,-22.10526315789474,1090,1,2433247.831865,1949-11-27,13.402738571166992,,2068,139,3.667,0,Quiet (<5),False
158,115.2,-22.10526315789474,1540,1,2433652.348735,1951-01-05,14.110852241516113,,2114,143,5.0,1,G1 (5),False
158,115.2,-22.10526315789474,1586,1,2433038.230678,1949-05-01,14.191876411437988,,2068,139,5.333,1,G1 (5),False
158,115.2,-22.10526315789474,1657,1,2433185.610125,1949-09-26,13.920513153076172,,2068,139,5.333,1,G1 (5),False
158,115.2,-22.10526315789474,1708,1,2433185.610125,1949-09-26,13.500938415527344,,2068,139,5.333,1,G1 (5),False
158,115.2,-22.10526315789474,2012,1,2432966.293137,1949-02-18,13.262940406799316,,2114,143,5.333,1,G1 (5),False
158,115.2,-22.10526315789474,2172,1,2433265.411535,1949-12-14,14.369108200073242,,2068,139,3.667,0,Quiet (<5),False
158,115.2,-22.10526315789474,2468,1,2433000.340206,1949-03-24,16.819866180419922,,2068,139,7.667,3,G3 (7),False
158,115.2,-22.10526315789474,2618,1,2434743.433875,1953-12-31,15.21048355102539,,2068,139,3.0,0,Quiet (<5),False
158,115.2,-22.10526315789474,2825,1,2432978.364452,1949-03-02,15.385276794433594,,2068,139,4.667,0,Quiet (<5),False
158,115.2,-22.10526315789474,2889,1,2433705.351957,1951-02-27,14.773488998413086,,2068,139,7.0,3,G3 (7),False
158,115.2,-22.10526315789474,3323,1,2433010.259264,1949-04-03,14.639636039733887,,2068,139,3.333,0,Quiet (<5),False
158,115.2,-22.10526315789474,3351,1,2433010.259258,1949-04-03,15.001174926757812,,2068,139,3.333,0,Quiet (<5),False
158,115.2,-22.10526315789474,3408,1,2433010.25926,1949-04-03,14.503774642944336,,2068,139,3.333,0,Quiet (<5),False
158,115.2,-22.10526315789474,3476,1,2433652.34872,1951-01-05,14.302229881286621,,2063,141,5.0,1,G1 (5),False
158,115.2,-22.10526315789474,3667,1,2433000.340184,1949-03-24,16.765111923217773,,2062,140,7.667,3,G3 (7),False
158,115.2,-22.10526315789474,3755,1,2433356.579161,1950-03-16,13.990534782409668,,2062,140,5.667,1,G1 (5),False
158,115.2,-22.10526315789474,3759,1,2434093.336046,1952-03-21,15.574307441711426,,2114,143,5.667,1,G1 (5),False
158,115.2,-22.10526315789474,3762,1,2434463.310295,1953-03-26,15.868106842041016,,2068,139,6.667,2,G2 (6),False
158,115.2,-22.10526315789474,4051,1,2433010.259243,1949-04-03,15.074700355529785,,2062,140,3.333,0,Quiet (<5),False
158,115.2,-22.10526315789474,4073,1,2433652.348714,1951-01-05,14.505256652832031,,2063,141,5.0,1,G1 (5),False
158,115.2,-22.10526315789474,4140,1,2433038.230638,1949-05-01,14.180171966552734,,2062,140,5.333,1,G1 (5),False
158,115.2,-22.10526315789474,4238,1,2433679.279278,1951-02-01,15.039569854736328,,2069,140,6.667,2,G2 (6),True
158,115.2,-22.10526315789474,4476,1,2434093.336019,1952-03-21,15.706729888916016,,2062,140,5.667,1,G1 (5),False
158,115.2,-22.10526315789474,4587,1,2432976.370019,1949-02-28,12.61979866027832,,2109,141,5.333,1,G1 (5),False
158,115.2,-22.10526315789474,4593,1,2433010.259233,1949-04-03,14.264275550842285,,2062,140,3.333,0,Quiet (<5),False
158,115.2,-22.10526315789474,4606,1,2434089.343756,1952-03-17,16.233238220214844,,2108,140,4.667,0,Quiet (<5),False
158,115.2,-22.10526315789474,4771,1,2433010.259236,1949-04-03,12.769700050354004,,2062,140,3.333,0,Quiet (<5),False
158,115.2,-22.10526315789474,4788,1,2433652.348717,1951-01-05,14.419159889221191,,2063,141,5.0,1,G1 (5),False
158,115.2,-22.10526315789474,4789,1,2433216.545654,1949-10-27,14.749159812927246,,2068,139,6.0,2,G2 (6),False
158,115.2,-22.10526315789474,4877,1,2434044.421552,1952-02-01,13.394070625305176,,2063,141,5.667,1,G1 (5),False
158,115.2,-22.10526315789474,4979,1,2433010.259278,1949-04-03,14.431056022644043,,2068,139,3.333,0,Quiet (<5),False
159,129.6,-22.10526315789474,99,1,2433705.289053,1951-02-27,15.282217025756836,,1636,129,7.0,3,G3 (7),False
159,129.6,-22.10526315789474,183,1,2433705.289052,1951-02-27,13.726666450500488,,1636,129,7.0,3,G3 (7),False
159,129.6,-22.10526315789474,280,1,2432969.374188,1949-02-21,13.771106719970703,,1636,129,5.0,1,G1 (5),False
159,129.6,-22.10526315789474,283,1,2433708.392969,1951-03-02,13.389812469482422,,1636,129,7.0,3,G3 (7),False
159,129.6,-22.10526315789474,320,1,2432996.35424,1949-03-20,16.136709213256836,,1635,128,6.667,2,G2 (6),False
159,129.6,-22.10526315789474,399,1,2433655.760976,1951-01-09,14.71362018585205,,1669,133,3.0,0,Quiet (<5),False
159,129.6,-22.10526315789474,500,1,2434443.267616,1953-03-06,13.101184844970703,,1655,129,4.0,0,Quiet (<5),False
159,129.6,-22.10526315789474,540,1,2433247.830835,1949-11-27,15.558114051818848,,1636,129,3.667,0,Quiet (<5),False
159,129.6,-22.10526315789474,1046,1,2433705.289042,1951-02-27,15.596137046813965,,1636,129,7.0,3,G3 (7),False
159,129.6,-22.10526315789474,1229,1,2433708.392984,1951-03-02,13.566570281982422,,1669,133,7.0,3,G3 (7),False
159,129.6,-22.10526315789474,1460,1,2433381.293586,1950-04-09,13.101378440856934,,1636,129,4.0,0,Quiet (<5),False
159,129.6,-22.10526315789474,1495,1,2433438.216876,1950-06-05,13.532160758972168,,1635,128,4.0,0,Quiet (<5),False
159,129.6,-22.10526315789474,1695,1,2434443.267591,1953-03-06,14.209609031677246,,1635,128,4.0,0,Quiet (<5),False
164,201.6,-22.10526315789474,148,1,2433468.321893,1950-07-05,15.684059143066406,,2080,165,6.0,2,G2 (6),False
164,201.6,-22.10526315789474,192,1,2433392.80809,1950-04-21,10.651405334472656,,2074,163,5.667,1,G1 (5),False
165,216.0,-22.10526315789474,366,1,2433707.889352,1951-03-02,10.110722541809082,,2291,130,7.0,3,G3 (7),False
166,230.4,-22.10526315789474,468,1,2433148.236086,1949-08-19,14.040054321289062,,2256,146,4.0,0,Quiet (<5),False
167,244.8,-22.10526315789474,24,1,2432977.531374,1949-03-02,15.862909317016602,,2309,149,4.667,0,Quiet (<5),False
167,244.8,-22.10526315789474,991,1,2433472.405371,1950-07-09,13.100497245788574,,2310,150,3.667,0,Quiet (<5),False
167,244.8,-22.10526315789474,1218,1,2433392.869299,1950-04-21,11.924554824829102,,2298,150,5.667,1,G1 (5),False
167,244.8,-22.10526315789474,1556,1,2433417.38925,1950-05-15,13.545401573181152,,2376,153,5.333,1,G1 (5),False
167,244.8,-22.10526315789474,2177,1,2433127.363153,1949-07-29,15.547868728637695,,2376,153,2.0,0,Quiet (<5),False
168,259.2,-22.10526315789474,9,1,2434249.545346,1952-08-25,14.848444938659668,,2326,181,4.0,0,Quiet (<5),False
168,259.2,-22.10526315789474,124,1,2433036.487117,1949-04-29,16.34162712097168,,2325,180,5.333,1,G1 (5),False
168,259.2,-22.10526315789474,137,1,2434249.545343,1952-08-25,14.284486770629883,,2326,181,4.0,0,Quiet (<5),False
168,259.2,-22.10526315789474,189,1,2433088.488426,1949-06-20,16.356231689453125,,2325,180,4.0,0,Quiet (<5),False
168,259.2,-22.10526315789474,355,1,2433057.392037,1949-05-20,13.69271469116211,,2326,181,3.0,0,Quiet (<5),False
168,259.2,-22.10526315789474,377,1,2433368.992747,1950-03-28,11.099618911743164,,2325,180,5.0,1,G1 (5),False
168,259.2,-22.10526315789474,393,1,2433424.39006,1950-05-22,15.916796684265137,,2325,180,5.0,1,G1 (5),False
168,259.2,-22.10526315789474,401,1,2433500.382267,1950-08-06,11.100958824157715,,2326,181,3.667,0,Quiet (<5),False
168,259.2,-22.10526315789474,517,1,2433003.517033,1949-03-28,16.83269691467285,,2326,181,4.333,0,Quiet (<5),False
168,259.2,-22.10526315789474,554,1,2433003.517033,1949-03-28,16.31356430053711,,2326,181,4.333,0,Quiet (<5),False
168,259.2,-22.10526315789474,564,1,2433440.690763,1950-06-08,14.17326831817627,,2325,180,6.0,2,G2 (6),False
168,259.2,-22.10526315789474,696,1,2433062.375417,1949-05-25,17.50397491455078,,2325,180,3.667,0,Quiet (<5),False
168,259.2,-22.10526315789474,759,1,2433425.498864,1950-05-23,16.24149513244629,,2326,181,5.333,1,G1 (5),False
168,259.2,-22.10526315789474,762,1,2433057.392034,1949-05-20,12.552605628967285,,2326,181,3.0,0,Quiet (<5),False
168,259.2,-22.10526315789474,875,1,2434249.545339,1952-08-25,14.817209243774414,,2326,181,4.0,0,Quiet (<5),False
168,259.2,-22.10526315789474,882,1,2433003.517041,1949-03-28,17.148399353027344,,2326,181,4.333,0,Quiet (<5),False
168,259.2,-22.10526315789474,924,1,2433090.309103,1949-06-22,16.440832138061523,,2326,181,3.667,0,Quiet (<5),False
168,259.2,-22.10526315789474,931,1,2434162.580608,1952-05-30,16.78192138671875,,2325,180,5.667,1,G1 (5),False
168,259.2,-22.10526315789474,989,1,2433092.320221,1949-06-24,16.250995635986328,,2325,180,3.667,0,Quiet (<5),False
168,259.2,-22.10526315789474,1066,1,2433124.238282,1949-07-26,13.897204399108887,,2326,181,3.667,0,Quiet (<5),False
168,259.2,-22.10526315789474,1157,1,2434162.580608,1952-05-30,16.31368064880371,,2325,180,5.667,1,G1 (5),False
168,259.2,-22.10526315789474,1547,1,2433836.531125,1951-07-09,16.264820098876953,,2325,180,4.0,0,Quiet (<5),False
168,259.2,-22.10526315789474,1576,1,2433836.465336,1951-07-08,16.550579071044922,,2325,180,3.667,0,Quiet (<5),False
168,259.2,-22.10526315789474,1604,1,2434162.580608,1952-05-30,16.686527252197266,,2325,180,5.667,1,G1 (5),False
168,259.2,-22.10526315789474,1635,1,2433124.238286,1949-07-26,14.129348754882812,,2326,181,3.667,0,Quiet (<5),False
168,259.2,-22.10526315789474,1660,1,2434162.580608,1952-05-30,16.914480209350586,,2325,180,5.667,1,G1 (5),False
168,259.2,-22.10526315789474,1679,1,2434249.54534,1952-08-25,14.287664413452148,,2326,181,4.0,0,Quiet (<5),False
168,259.2,-22.10526315789474,1698,1,2433124.238287,1949-07-26,13.580177307128906,,2326,181,3.667,0,Quiet (<5),False
168,259.2,-22.10526315789474,1830,1,2433062.375421,1949-05-25,17.356698989868164,,2325,180,3.667,0,Quiet (<5),False
168,259.2,-22.10526315789474,2107,1,2433440.690762,1950-06-08,14.326231002807617,,2325,180,6.0,2,G2 (6),False
168,259.2,-22.10526315789474,2175,1,2433500.382274,1950-08-06,14.362046241760254,,2326,181,3.667,0,Quiet (<5),False
168,259.2,-22.10526315789474,2360,1,2433003.517045,1949-03-28,17.00606346130371,,2326,181,4.333,0,Quiet (<5),False
168,259.2,-22.10526315789474,2503,1,2433092.320221,1949-06-24,16.206497192382812,,2328,179,3.667,0,Quiet (<5),False
168,259.2,-22.10526315789474,2683,1,2433722.015171,1951-03-16,9.740102767944336,,2326,181,6.333,2,G2 (6),False
168,259.2,-22.10526315789474,2850,1,2434162.580605,1952-05-30,15.923933982849121,,2328,179,5.667,1,G1 (5),False
168,259.2,-22.10526315789474,2926,1,2434249.545333,1952-08-25,14.266998291015625,,2326,181,4.0,0,Quiet (<5),False
168,259.2,-22.10526315789474,2934,1,2433091.277612,1949-06-23,17.396480560302734,,2325,180,3.667,0,Quiet (<5),False
168,259.2,-22.10526315789474,3116,1,2433126.35106,1949-07-28,16.31865882873535,,2353,181,3.0,0,Quiet (<5),False
168,259.2,-22.10526315789474,3222,1,2433126.351059,1949-07-28,16.781089782714844,,2353,181,3.0,0,Quiet (<5),False
168,259.2,-22.10526315789474,3273,1,2434218.677893,1952-07-25,11.95085620880127,,2329,180,3.333,0,Quiet (<5),False
168,259.2,-22.10526315789474,3391,1,2433011.507713,1949-04-05,12.568413734436035,,2326,181,3.333,0,Quiet (<5),False
168,259.2,-22.10526315789474,3470,1,2433003.517049,1949-03-28,16.527795791625977,,2326,181,4.333,0,Quiet (<5),False
168,259.2,-22.10526315789474,3560,1,2433036.487116,1949-04-29,16.263242721557617,,2353,181,5.333,1,G1 (5),False
168,259.2,-22.10526315789474,3788,1,2434162.580609,1952-05-30,16.99789047241211,,2325,180,5.667,1,G1 (5),False
168,259.2,-22.10526315789474,3849,1,2433090.309105,1949-06-22,16.396774291992188,,2326,181,3.667,0,Quiet (<5),False
168,259.2,-22.10526315789474,3854,1,2433126.351065,1949-07-28,14.278987884521484,,2328,179,3.0,0,Quiet (<5),False
168,259.2,-22.10526315789474,3940,1,2433126.351055,1949-07-28,16.9395809173584,,2353,181,3.0,0,Quiet (<5),False
168,259.2,-22.10526315789474,3944,1,2434214.232454,1952-07-20,15.164752960205078,,2326,181,5.667,1,G1 (5),False
168,259.2,-22.10526315789474,3955,1,2433399.481651,1950-04-27,10.403745651245117,,2326,181,3.667,0,Quiet (<5),False
168,259.2,-22.10526315789474,4010,1,2433062.37542,1949-05-25,16.432771682739258,,2325,180,3.667,0,Quiet (<5),False
168,259.2,-22.10526315789474,4026,1,2433836.465339,1951-07-08,15.811226844787598,,2328,179,3.667,0,Quiet (<5),False
168,259.2,-22.10526315789474,4054,1,2433500.38228,1950-08-06,13.183175086975098,,2326,181,3.667,0,Quiet (<5),False
168,259.2,-22.10526315789474,4139,1,2433440.690763,1950-06-08,14.325413703918457,,2325,180,6.0,2,G2 (6),False
168,259.2,-22.10526315789474,4327,1,2433500.38228,1950-08-06,15.194708824157715,,2326,181,3.667,0,Quiet (<5),False
168,259.2,-22.10526315789474,4366,1,2434249.545333,1952-08-25,13.66759204864502,,2326,181,4.0,0,Quiet (<5),False
168,259.2,-22.10526315789474,4403,1,2433003.517022,1949-03-28,16.66666030883789,,2326,181,4.333,0,Quiet (<5),False
168,259.2,-22.10526315789474,4420,1,2434214.232466,1952-07-20,14.938608169555664,,2329,180,5.667,1,G1 (5),False
168,259.2,-22.10526315789474,4468,1,2433836.563675,1951-07-09,15.715974807739258,,2325,180,4.0,0,Quiet (<5),False
168,259.2,-22.10526315789474,4708,1,2433003.51704,1949-03-28,15.993111610412598,,2354,182,4.333,0,Quiet (<5),False
168,259.2,-22.10526315789474,4830,1,2434212.734881,1952-07-19,11.42370319366455,,2325,180,2.667,0,Quiet (<5),False
168,259.2,-22.10526315789474,4939,1,2434162.580609,1952-05-30,16.941946029663086,,2325,180,5.667,1,G1 (5),False
168,259.2,-22.10526315789474,4975,1,2433003.517047,1949-03-28,16.094036102294922,,2326,181,4.333,0,Quiet (<5),False
168,259.2,-22.10526315789474,5054,1,2433003.517054,1949-03-28,16.94399070739746,,2326,181,4.333,0,Quiet (<5),False
168,259.2,-22.10526315789474,5236,1,2433500.382282,1950-08-06,14.906108856201172,,2326,181,3.667,0,Quiet (<5),False
168,259.2,-22.10526315789474,5240,1,2433124.238269,1949-07-26,10.714090347290039,,2326,181,3.667,0,Quiet (<5),False
168,259.2,-22.10526315789474,5278,1,2433003.517028,1949-03-28,16.615772247314453,,2326,181,4.333,0,Quiet (<5),False
168,259.2,-22.10526315789474,5340,1,2433880.333435,1951-08-21,15.807119369506836,,2325,180,6.333,2,G2 (6),False
168,259.2,-22.10526315789474,5402,1,2433062.375413,1949-05-25,17.297449111938477,,2325,180,3.667,0,Quiet (<5),False
168,259.2,-22.10526315789474,5467,1,2433036.478793,1949-04-29,12.570666313171387,,2325,180,5.333,1,G1 (5),False
168,259.2,-22.10526315789474,5475,1,2433500.382276,1950-08-06,15.084213256835938,,2329,180,3.667,0,Quiet (<5),False
168,259.2,-22.10526315789474,5474,1,2433126.351069,1949-07-28,14.872804641723633,,2328,179,3.0,0,Quiet (<5),False
168,259.2,-22.10526315789474,5622,1,2433124.238269,1949-07-26,13.630266189575195,,2354,182,3.667,0,Quiet (<5),False
168,259.2,-22.10526315789474,5711,1,2433500.382272,1950-08-06,14.79996109008789,,2329,180,3.667,0,Quiet (<5),False
168,259.2,-22.10526315789474,5843,1,2434162.580603,1952-05-30,16.436492919921875,,2325,180,5.667,1,G1 (5),False
168,259.2,-22.10526315789474,5901,1,2433003.51705,1949-03-28,14.995144844055176,,2326,181,4.333,0,Quiet (<5),False
168,259.2,-22.10526315789474,5975,1,2434162.580607,1952-05-30,16.786413192749023,,2353,181,5.667,1,G1 (5),False
168,259.2,-22.10526315789474,6021,1,2433003.517055,1949-03-28,15.08289909362793,,2326,181,4.333,0,Quiet (<5),False
168,259.2,-22.10526315789474,6133,1,2433500.382283,1950-08-06,15.210026741027832,,2326,181,3.667,0,Quiet (<5),False
168,259.2,-22.10526315789474,6180,1,2434162.580607,1952-05-30,16.940441131591797,,2353,181,5.667,1,G1 (5),False
168,259.2,-22.10526315789474,6207,1,2433367.992984,1950-03-27,10.825057029724121,,2326,181,5.0,1,G1 (5),False
168,259.2,-22.10526315789474,6262,1,2433837.77602,1951-07-10,11.786831855773926,,2326,181,4.0,0,Quiet (<5),False
168,259.2,-22.10526315789474,6277,1,2434249.545335,1952-08-25,13.41859245300293,,2353,181,4.0,0,Quiet (<5),False
168,259.2,-22.10526315789474,6303,1,2433822.66425,1951-06-25,14.41159725189209,,2325,180,5.667,1,G1 (5),False
168,259.2,-22.10526315789474,6425,1,2433126.35107,1949-07-28,14.599479675292969,,2328,179,3.0,0,Quiet (<5),False
168,259.2,-22.10526315789474,6448,1,2433057.392036,1949-05-20,13.43837833404541,,2354,182,3.0,0,Quiet (<5),False
168,259.2,-22.10526315789474,6510,1,2433062.375413,1949-05-25,17.290563583374023,,2325,180,3.667,0,Quiet (<5),False
168,259.2,-22.10526315789474,6659,1,2433062.375413,1949-05-25,17.245920181274414,,2325,180,3.667,0,Quiet (<5),False
168,259.2,-22.10526315789474,6744,1,2433003.517033,1949-03-28,16.5236759185791,,2329,180,4.333,0,Quiet (<5),False
168,259.2,-22.10526315789474,6830,1,2434274.235496,1952-09-18,11.738672256469727,,2354,182,3.333,0,Quiet (<5),False
168,259.2,-22.10526315789474,7066,1,2433424.39006,1950-05-22,15.806417465209961,,2325,180,5.0,1,G1 (5),False
168,259.2,-22.10526315789474,7079,1,2433040.409271,1949-05-03,9.709826469421387,,2326,181,7.0,3,G3 (7),False
168,259.2,-22.10526315789474,7171,1,2433500.382256,1950-08-06,14.987991333007812,,2354,182,3.667,0,Quiet (<5),False
168,259.2,-22.10526315789474,7235,1,2433003.51703,1949-03-28,16.746000289916992,,2329,180,4.333,0,Quiet (<5),False
168,259.2,-22.10526315789474,7268,1,2433031.494202,1949-04-24,16.121341705322266,,2353,181,3.0,0,Quiet (<5),False
168,259.2,-22.10526315789474,7287,1,2433088.488427,1949-06-20,14.675692558288574,,2328,179,4.0,0,Quiet (<5),False
168,259.2,-22.10526315789474,7297,1,2433003.517026,1949-03-28,16.28679847717285,,2329,180,4.333,0,Quiet (<5),False
168,259.2,-22.10526315789474,7300,1,2433031.494201,1949-04-24,15.9537992477417,,2325,180,3.0,0,Quiet (<5),False
168,259.2,-22.10526315789474,7345,1,2433015.537321,1949-04-09,15.918548583984375,,2354,182,7.333,3,G3 (7),False
168,259.2,-22.10526315789474,7460,1,2433748.951377,1951-04-12,12.11089038848877,,2353,181,5.333,1,G1 (5),False
168,259.2,-22.10526315789474,7464,1,2434218.238587,1952-07-24,9.780722618103027,,2326,181,4.333,0,Quiet (<5),False
168,259.2,-22.10526315789474,7712,1,2433011.507698,1949-04-05,12.102364540100098,,2326,181,3.333,0,Quiet (<5),False
168,259.2,-22.10526315789474,7745,1,2434162.580603,1952-05-30,16.60097885131836,,2328,179,5.667,1,G1 (5),False
168,259.2,-22.10526315789474,7790,1,2433500.382285,1950-08-06,15.084835052490234,,2326,181,3.667,0,Quiet (<5),False
168,259.2,-22.10526315789474,7905,1,2433003.517022,1949-03-28,16.612489700317383,,2329,180,4.333,0,Quiet (<5),False
168,259.2,-22.10526315789474,8013,1,2433440.690763,1950-06-08,14.344897270202637,,2325,180,6.0,2,G2 (6),False
168,259.2,-22.10526315789474,8077,1,2434274.235528,1952-09-18,12.309736251831055,,2326,181,3.333,0,Quiet (<5),False
168,259.2,-22.10526315789474,8096,1,2433057.392028,1949-05-20,14.029023170471191,,2326,181,3.0,0,Quiet (<5),False
168,259.2,-22.10526315789474,8111,1,2433861.356444,1951-08-02,14.915447235107422,,2326,181,6.0,2,G2 (6),False
168,259.2,-22.10526315789474,8231,1,2433124.238295,1949-07-26,13.260030746459961,,2326,181,3.667,0,Quiet (<5),False
168,259.2,-22.10526315789474,8261,1,2434243.358462,1952-08-18,12.154468536376953,,2325,180,5.333,1,G1 (5),False
168,259.2,-22.10526315789474,8339,1,2433062.784273,1949-05-26,13.301275253295898,,2325,180,3.667,0,Quiet (<5),False
168,259.2,-22.10526315789474,8516,1,2433861.390382,1951-08-02,15.436502456665039,,2325,180,6.0,2,G2 (6),False
168,259.2,-22.10526315789474,8666,1,2433472.627644,1950-07-10,11.147019386291504,,2353,181,3.667,0,Quiet (<5),False
168,259.2,-22.10526315789474,8708,1,2433126.351073,1949-07-28,16.893949508666992,,2328,179,3.0,0,Quiet (<5),False
168,259.2,-22.10526315789474,8768,1,2433124.238275,1949-07-26,14.194401741027832,,2354,182,3.667,0,Quiet (<5),False
168,259.2,-22.10526315789474,8783,1,2434220.728471,1952-07-27,10.457856178283691,,2326,181,4.333,0,Quiet (<5),False
168,259.2,-22.10526315789474,8895,1,2433424.491171,1950-05-22,13.519645690917969,,2326,181,5.0,1,G1 (5),False
168,259.2,-22.10526315789474,8902,1,2434162.58061,1952-05-30,16.546981811523438,,2353,181,5.667,1,G1 (5),False
168,259.2,-22.10526315789474,9050,1,2433125.350122,1949-07-27,16.978933334350586,,2325,180,3.667,0,Quiet (<5),False
168,259.2,-22.10526315789474,9065,1,2433090.309098,1949-06-22,15.08955192565918,,2326,181,3.667,0,Quiet (<5),False
168,259.2,-22.10526315789474,9086,1,2433003.517053,1949-03-28,14.859001159667969,,2326,181,4.333,0,Quiet (<5),False
168,259.2,-22.10526315789474,9263,1,2433836.563666,1951-07-09,15.914972305297852,,2325,180,4.0,0,Quiet (<5),False
168,259.2,-22.10526315789474,9303,1,2433092.320218,1949-06-24,15.466541290283203,,2325,180,3.667,0,Quiet (<5),False
168,259.2,-22.10526315789474,9396,1,2433091.277607,1949-06-23,17.460487365722656,,2325,180,3.667,0,Quiet (<5),False
168,259.2,-22.10526315789474,9452,1,2433062.375422,1949-05-25,17.534164428710938,,2353,181,3.667,0,Quiet (<5),False
168,259.2,-22.10526315789474,9644,1,2434162.580603,1952-05-30,16.663877487182617,,2328,179,5.667,1,G1 (5),False
168,259.2,-22.10526315789474,9768,1,2434162.58061,1952-05-30,16.78403663635254,,2325,180,5.667,1,G1 (5),False
168,259.2,-22.10526315789474,9772,1,2434626.272246,1953-09-05,13.214875221252441,,2325,180,7.333,3,G3 (7),False
168,259.2,-22.10526315789474,9830,1,2433011.507699,1949-04-05,11.059651374816895,,2326,181,3.333,0,Quiet (<5),False
168,259.2,-22.10526315789474,9892,1,2433057.392029,1949-05-20,14.00491714477539,,2329,180,3.0,0,Quiet (<5),False
168,259.2,-22.10526315789474,10422,1,2433126.351076,1949-07-28,16.9605655670166,,2328,179,3.0,0,Quiet (<5),False
168,259.2,-22.10526315789474,10427,1,2433003.517018,1949-03-28,17.23661994934082,,2329,180,4.333,0,Quiet (<5),False
168,259.2,-22.10526315789474,10542,1,2433033.442804,1949-04-26,17.386472702026367,,2328,179,3.333,0,Quiet (<5),False
168,259.2,-22.10526315789474,10547,1,2433099.025632,1949-07-01,13.878442764282227,,2329,180,3.667,0,Quiet (<5),False
168,259.2,-22.10526315789474,10589,1,2434249.54533,1952-08-25,13.924981117248535,,2353,181,4.0,0,Quiet (<5),False
168,259.2,-22.10526315789474,10672,1,2433003.517059,1949-03-28,13.657423973083496,,2354,182,4.333,0,Quiet (<5),False
168,259.2,-22.10526315789474,10837,1,2433088.352692,1949-06-20,14.308422088623047,,2328,179,4.0,0,Quiet (<5),False
168,259.2,-22.10526315789474,10839,1,2434162.580609,1952-05-30,16.989639282226562,,2325,180,5.667,1,G1 (5),False
168,259.2,-22.10526315789474,10891,1,2433836.563671,1951-07-09,15.832080841064453,,2325,180,4.0,0,Quiet (<5),False
168,259.2,-22.10526315789474,10964,1,2433861.390355,1951-08-02,15.141706466674805,,2325,180,6.0,2,G2 (6),False
168,259.2,-22.10526315789474,11063,1,2433861.39035,1951-08-02,15.632952690124512,,2353,181,6.0,2,G2 (6),False
168,259.2,-22.10526315789474,11105,1,2433062.375421,1949-05-25,17.543603897094727,,2353,181,3.667,0,Quiet (<5),False
168,259.2,-22.10526315789474,11188,1,2433003.517018,1949-03-28,17.241750717163086,,2329,180,4.333,0,Quiet (<5),False
168,259.2,-22.10526315789474,11358,1,2433003.517057,1949-03-28,17.033716201782227,,2326,181,4.333,0,Quiet (<5),False
168,259.2,-22.10526315789474,11383,1,2434162.580611,1952-05-30,16.168872833251953,,2325,180,5.667,1,G1 (5),False
168,259.2,-22.10526315789474,11628,1,2433014.495782,1949-04-07,16.898357391357422,,2353,181,7.333,3,G3 (7),False
168,259.2,-22.10526315789474,11642,1,2434162.58061,1952-05-30,16.96953010559082,,2353,181,5.667,1,G1 (5),False
168,259.2,-22.10526315789474,11751,1,2434238.268342,1952-08-13,12.35754680633545,,2325,180,5.0,1,G1 (5),False
168,259.2,-22.10526315789474,11966,1,2433822.66424,1951-06-25,14.503210067749023,,2353,181,5.667,1,G1 (5),False
169,273.6,-22.10526315789474,11,1,2433892.335446,1951-09-02,13.901037216186523,,2676,192,4.0,0,Quiet (<5),False
169,273.6,-22.10526315789474,111,1,2434535.475482,1953-06-06,14.478301048278809,,2675,191,5.667,1,G1 (5),False
169,273.6,-22.10526315789474,112,1,2433095.516485,1949-06-28,16.24460792541504,,2675,191,3.333,0,Quiet (<5),False
169,273.6,-22.10526315789474,137,1,2433439.394163,1950-06-06,14.361997604370117,,2676,192,6.0,2,G2 (6),False
169,273.6,-22.10526315789474,191,1,2433098.490263,1949-06-30,15.151579856872559,,2676,192,3.667,0,Quiet (<5),False
169,273.6,-22.10526315789474,256,1,2433823.70773,1951-06-26,14.695686340332031,,2676,192,5.667,1,G1 (5),False
169,273.6,-22.10526315789474,314,1,2433468.333847,1950-07-05,16.00139045715332,,2675,191,6.0,2,G2 (6),False
169,273.6,-22.10526315789474,529,1,2433098.490264,1949-06-30,15.063680648803711,,2676,192,3.667,0,Quiet (<5),False
169,273.6,-22.10526315789474,765,1,2433480.248467,1950-07-17,13.410235404968262,,2676,192,4.0,0,Quiet (<5),False
169,273.6,-22.10526315789474,1040,1,2433098.490263,1949-06-30,15.33574104309082,,2676,192,3.667,0,Quiet (<5),False
169,273.6,-22.10526315789474,1084,1,2433441.3943,1950-06-08,15.917928695678711,,2676,192,6.0,2,G2 (6),False
169,273.6,-22.10526315789474,1170,1,2433010.514619,1949-04-04,15.777167320251465,,2676,192,3.333,0,Quiet (<5),False
169,273.6,-22.10526315789474,1179,1,2433147.345155,1949-08-18,14.420550346374512,,2676,192,4.0,0,Quiet (<5),False
169,273.6,-22.10526315789474,1268,1,2433892.335449,1951-09-02,15.904293060302734,,2676,192,4.0,0,Quiet (<5),False
169,273.6,-22.10526315789474,1373,1,2433066.440354,1949-05-29,15.219488143920898,,2675,191,3.0,0,Quiet (<5),False
169,273.6,-22.10526315789474,1377,1,2433468.333848,1950-07-05,15.97956657409668,,2675,191,6.0,2,G2 (6),False
169,273.6,-22.10526315789474,1412,1,2433823.70773,1951-06-26,15.988375663757324,,2676,192,5.667,1,G1 (5),False
169,273.6,-22.10526315789474,1459,1,2433098.490264,1949-06-30,15.971207618713379,,2676,192,3.667,0,Quiet (<5),False
169,273.6,-22.10526315789474,1745,1,2432977.597692,1949-03-02,15.794024467468262,,2676,192,4.667,0,Quiet (<5),False
169,273.6,-22.10526315789474,2047,1,2433480.248469,1950-07-17,14.688758850097656,,2676,192,4.0,0,Quiet (<5),False
169,273.6,-22.10526315789474,2182,1,2433892.335438,1951-09-02,15.402304649353027,,2737,191,4.0,0,Quiet (<5),False
169,273.6,-22.10526315789474,2180,1,2433010.514606,1949-04-04,15.254538536071777,,2676,192,3.333,0,Quiet (<5),False
169,273.6,-22.10526315789474,2234,1,2433439.394166,1950-06-06,16.128345489501953,,2737,191,6.0,2,G2 (6),False
169,273.6,-22.10526315789474,2422,1,2433095.516485,1949-06-28,16.44417953491211,,2675,191,3.333,0,Quiet (<5),False
169,273.6,-22.10526315789474,2627,1,2432977.5977,1949-03-02,16.198501586914062,,2737,191,4.667,0,Quiet (<5),False
169,273.6,-22.10526315789474,2641,1,2433480.24847,1950-07-17,14.91090202331543,,2676,192,4.0,0,Quiet (<5),False
169,273.6,-22.10526315789474,2902,1,2433480.248462,1950-07-17,15.859911918640137,,2736,190,4.0,0,Quiet (<5),False
169,273.6,-22.10526315789474,2943,1,2433454.376319,1950-06-21,15.83813190460205,,2676,192,3.333,0,Quiet (<5),False
169,273.6,-22.10526315789474,3233,1,2433010.514626,1949-04-04,16.691064834594727,,2737,191,3.333,0,Quiet (<5),False
169,273.6,-22.10526315789474,3256,1,2433472.326997,1950-07-09,14.374517440795898,,2765,200,3.667,0,Quiet (<5),False
169,273.6,-22.10526315789474,3380,1,2433441.3943,1950-06-08,14.814234733581543,,2676,192,6.0,2,G2 (6),False
169,273.6,-22.10526315789474,3510,1,2433472.295835,1950-07-09,14.72455883026123,,2675,191,3.667,0,Quiet (<5),False
169,273.6,-22.10526315789474,3515,1,2433558.260293,1950-10-03,14.937644004821777,,2676,192,6.667,2,G2 (6),False
169,273.6,-22.10526315789474,3524,1,2433480.248462,1950-07-17,15.891632080078125,,2736,190,4.0,0,Quiet (<5),False
169,273.6,-22.10526315789474,3530,1,2433509.327947,1950-08-15,13.817458152770996,,2765,200,5.333,1,G1 (5),False
169,273.6,-22.10526315789474,3557,1,2434535.47548,1953-06-06,14.26337718963623,,2764,199,5.667,1,G1 (5),False
169,273.6,-22.10526315789474,3716,1,2433098.490262,1949-06-30,15.952150344848633,,2737,191,3.667,0,Quiet (<5),False
169,273.6,-22.10526315789474,3811,1,2433480.248471,1950-07-17,14.938377380371094,,2676,192,4.0,0,Quiet (<5),False
169,273.6,-22.10526315789474,3988,1,2433038.488458,1949-05-01,15.653080940246582,,2737,191,5.333,1,G1 (5),False
169,273.6,-22.10526315789474,4050,1,2433091.489327,1949-06-23,14.829275131225586,,2737,191,3.667,0,Quiet (<5),False
169,273.6,-22.10526315789474,4076,1,2433480.248464,1950-07-17,14.196061134338379,,2736,190,4.0,0,Quiet (<5),False
169,273.6,-22.10526315789474,4133,1,2433147.345168,1949-08-18,14.668794631958008,,2676,192,4.0,0,Quiet (<5),False
169,273.6,-22.10526315789474,4189,1,2433441.394295,1950-06-08,15.904243469238281,,2676,192,6.0,2,G2 (6),False
169,273.6,-22.10526315789474,4278,1,2433480.248462,1950-07-17,15.022714614868164,,2736,190,4.0,0,Quiet (<5),False
169,273.6,-22.10526315789474,4292,1,2433509.327951,1950-08-15,15.323335647583008,,2676,192,5.333,1,G1 (5),False
169,273.6,-22.10526315789474,4531,1,2433480.248468,1950-07-17,14.682023048400879,,2676,192,4.0,0,Quiet (<5),False
169,273.6,-22.10526315789474,4559,1,2433089.343459,1949-06-21,15.57770824432373,,2736,190,3.0,0,Quiet (<5),False
169,273.6,-22.10526315789474,4748,1,2433823.70773,1951-06-26,15.929101943969727,,2737,191,5.667,1,G1 (5),False
169,273.6,-22.10526315789474,4765,1,2432977.597678,1949-03-02,14.1676664352417,,2676,192,4.667,0,Quiet (<5),False
169,273.6,-22.10526315789474,4916,1,2433558.260291,1950-10-03,15.121665000915527,,2676,192,6.667,2,G2 (6),False
169,273.6,-22.10526315789474,4965,1,2433147.345159,1949-08-18,14.1605224609375,,2676,192,4.0,0,Quiet (<5),False
169,273.6,-22.10526315789474,5098,1,2433091.489327,1949-06-23,16.266267776489258,,2676,192,3.667,0,Quiet (<5),False
169,273.6,-22.10526315789474,5176,1,2433480.281019,1950-07-17,14.13200855255127,,2765,200,4.0,0,Quiet (<5),False
169,273.6,-22.10526315789474,5224,1,2434535.475478,1953-06-06,14.328543663024902,,2675,191,5.667,1,G1 (5),False
169,273.6,-22.10526315789474,5323,1,2433439.394165,1950-06-06,15.683340072631836,,2765,200,6.0,2,G2 (6),False
169,273.6,-22.10526315789474,5478,1,2433509.327949,1950-08-15,14.520607948303223,,2765,200,5.333,1,G1 (5),False
169,273.6,-22.10526315789474,5563,1,2433010.514601,1949-04-04,15.439229965209961,,2676,192,3.333,0,Quiet (<5),False
169,273.6,-22.10526315789474,5623,1,2433147.345172,1949-08-18,15.687191009521484,,2676,192,4.0,0,Quiet (<5),False
169,273.6,-22.10526315789474,5681,1,2433480.24846,1950-07-17,15.027289390563965,,2736,190,4.0,0,Quiet (<5),False
169,273.6,-22.10526315789474,5763,1,2433468.33385,1950-07-05,15.56113052368164,,2675,191,6.0,2,G2 (6),False
169,273.6,-22.10526315789474,5848,1,2433439.394168,1950-06-06,12.159424781799316,,2737,191,6.0,2,G2 (6),False
169,273.6,-22.10526315789474,6055,1,2433091.489326,1949-06-23,15.726593017578125,,2737,191,3.667,0,Quiet (<5),False
169,273.6,-22.10526315789474,6129,1,2433454.376318,1950-06-21,14.654484748840332,,2676,192,3.333,0,Quiet (<5),False
169,273.6,-22.10526315789474,6247,1,2433480.248462,1950-07-17,14.990029335021973,,2736,190,4.0,0,Quiet (<5),False
169,273.6,-22.10526315789474,6280,1,2433892.335456,1951-09-02,15.352821350097656,,2765,200,4.0,0,Quiet (<5),False
169,273.6,-22.10526315789474,6301,1,2433472.327,1950-07-09,16.14712905883789,,2676,192,3.667,0,Quiet (<5),False
169,273.6,-22.10526315789474,6515,1,2433480.281022,1950-07-17,14.46553897857666,,2676,192,4.0,0,Quiet (<5),False
169,273.6,-22.10526315789474,6699,1,2432977.597686,1949-03-02,16.324567794799805,,2765,200,4.667,0,Quiet (<5),False
169,273.6,-22.10526315789474,6867,1,2433480.281011,1950-07-17,15.222057342529297,,2737,191,4.0,0,Quiet (<5),False
169,273.6,-22.10526315789474,6871,1,2433091.489326,1949-06-23,15.533912658691406,,2676,192,3.667,0,Quiet (<5),False
169,273.6,-22.10526315789474,6896,1,2433472.295835,1950-07-09,15.517939567565918,,2675,191,3.667,0,Quiet (<5),False
169,273.6,-22.10526315789474,7032,1,2433858.32593,1951-07-30,16.83191680908203,,2675,191,5.333,1,G1 (5),False
169,273.6,-22.10526315789474,7152,1,2433439.394159,1950-06-06,15.753198623657227,,2765,200,6.0,2,G2 (6),False
169,273.6,-22.10526315789474,7188,1,2433091.489327,1949-06-23,15.574105262756348,,2737,191,3.667,0,Quiet (<5),False
169,273.6,-22.10526315789474,7238,1,2433862.358053,1951-08-03,15.314030647277832,,2676,192,6.0,2,G2 (6),False
169,273.6,-22.10526315789474,7332,1,2433066.440347,1949-05-29,15.896888732910156,,2675,191,3.0,0,Quiet (<5),False
169,273.6,-22.10526315789474,7531,1,2433823.70773,1951-06-26,15.199716567993164,,2676,192,5.667,1,G1 (5),False
169,273.6,-22.10526315789474,7710,1,2433098.490262,1949-06-30,15.219134330749512,,2737,191,3.667,0,Quiet (<5),False
169,273.6,-22.10526315789474,7788,1,2433012.590402,1949-04-06,15.338136672973633,,2737,191,2.667,0,Quiet (<5),False
169,273.6,-22.10526315789474,7815,1,2433468.333849,1950-07-05,15.618619918823242,,2764,199,6.0,2,G2 (6),False
169,273.6,-22.10526315789474,7894,1,2433468.333848,1950-07-05,15.98953914642334,,2675,191,6.0,2,G2 (6),False
169,273.6,-22.10526315789474,7899,1,2433172.272285,1949-09-12,16.24671173095703,,2737,191,5.667,1,G1 (5),False
169,273.6,-22.10526315789474,8175,1,2433091.489326,1949-06-23,15.62277603149414,,2676,192,3.667,0,Quiet (<5),False
169,273.6,-22.10526315789474,8245,1,2433480.281009,1950-07-17,15.288703918457031,,2765,200,4.0,0,Quiet (<5),False
169,273.6,-22.10526315789474,8491,1,2433098.490262,1949-06-30,14.7896089553833,,2737,191,3.667,0,Quiet (<5),False
169,273.6,-22.10526315789474,8554,1,2433858.392402,1951-07-30,16.88652992248535,,2764,199,5.333,1,G1 (5),False
169,273.6,-22.10526315789474,8575,1,2433066.440358,1949-05-29,16.80825424194336,,2764,199,3.0,0,Quiet (<5),False
169,273.6,-22.10526315789474,8641,1,2433480.24846,1950-07-17,16.082807540893555,,2736,190,4.0,0,Quiet (<5),False
169,273.6,-22.10526315789474,9015,1,2433441.394295,1950-06-08,15.493050575256348,,2676,192,6.0,2,G2 (6),False
169,273.6,-22.10526315789474,9070,1,2433468.33385,1950-07-05,15.924138069152832,,2675,191,6.0,2,G2 (6),False
169,273.6,-22.10526315789474,9205,1,2433468.33385,1950-07-05,16.005441665649414,,2675,191,6.0,2,G2 (6),False
169,273.6,-22.10526315789474,9206,1,2433558.260273,1950-10-03,15.940262794494629,,2765,200,6.667,2,G2 (6),False
169,273.6,-22.10526315789474,9315,1,2433480.248462,1950-07-17,13.656290054321289,,2765,200,4.0,0,Quiet (<5),False
169,273.6,-22.10526315789474,9333,1,2433480.248474,1950-07-17,15.237793922424316,,2676,192,4.0,0,Quiet (<5),False
169,273.6,-22.10526315789474,9441,1,2433091.489327,1949-06-23,15.6798677444458,,2737,191,3.667,0,Quiet (<5),False
169,273.6,-22.10526315789474,9703,1,2433480.248475,1950-07-17,15.32534408569336,,2676,192,4.0,0,Quiet (<5),False
169,273.6,-22.10526315789474,9763,1,2433038.488448,1949-05-01,15.244206428527832,,2765,200,5.333,1,G1 (5),False
169,273.6,-22.10526315789474,9949,1,2433468.333849,1950-07-05,15.859504699707031,,2764,199,6.0,2,G2 (6),False
169,273.6,-22.10526315789474,10054,1,2433480.248468,1950-07-17,15.88368034362793,,2676,192,4.0,0,Quiet (<5),False
169,273.6,-22.10526315789474,10093,1,2433558.260306,1950-10-03,15.302644729614258,,2676,192,6.667,2,G2 (6),False
170,288.0,-22.10526315789474,13,1,2434268.355843,1952-09-12,16.453758239746094,,2763,235,4.667,0,Quiet (<5),False
170,288.0,-22.10526315789474,157,1,2433453.381223,1950-06-20,17.008174896240234,,2763,235,3.0,0,Quiet (<5),False
170,288.0,-22.10526315789474,193,1,2433943.237236,1951-10-23,16.127521514892578,,2763,235,5.0,1,G1 (5),True
170,288.0,-22.10526315789474,307,1,2434291.234071,1952-10-05,17.00885009765625,,2763,235,6.667,2,G2 (6),False
170,288.0,-22.10526315789474,496,1,2433199.267858,1949-10-09,16.886014938354492,,2763,235,7.333,3,G3 (7),False
170,288.0,-22.10526315789474,782,1,2433500.371919,1950-08-06,14.48843002319336,,2763,235,3.667,0,Quiet (<5),False
170,288.0,-22.10526315789474,1525,1,2433199.267847,1949-10-09,16.873292922973633,,2763,235,7.333,3,G3 (7),False
170,288.0,-22.10526315789474,1758,1,2433095.544806,1949-06-28,14.694432258605957,,2763,235,3.333,0,Quiet (<5),False
170,288.0,-22.10526315789474,1920,1,2433042.50201,1949-05-06,14.823922157287598,,2763,235,6.0,2,G2 (6),False
170,288.0,-22.10526315789474,2003,1,2434271.290958,1952-09-15,11.851825714111328,,2647,236,5.0,1,G1 (5),False
170,288.0,-22.10526315789474,2083,1,2433866.393366,1951-08-07,15.048724174499512,,2646,235,4.333,0,Quiet (<5),False
170,288.0,-22.10526315789474,2095,1,2433042.502013,1949-05-06,14.943888664245605,,2763,235,6.0,2,G2 (6),False
170,288.0,-22.10526315789474,2280,1,2433444.76829,1950-06-12,14.621038436889648,,2763,235,4.0,0,Quiet (<5),False
170,288.0,-22.10526315789474,2306,1,2433453.381219,1950-06-20,17.13937759399414,,2646,235,3.0,0,Quiet (<5),False
170,288.0,-22.10526315789474,2417,1,2433528.255931,1950-09-03,16.7990665435791,,2646,235,7.0,3,G3 (7),False
170,288.0,-22.10526315789474,3375,1,2433399.538653,1950-04-28,15.658492088317871,,2786,240,4.333,0,Quiet (<5),False
170,288.0,-22.10526315789474,3490,1,2434291.266607,1952-10-05,16.755229949951172,,2786,240,6.667,2,G2 (6),False
170,288.0,-22.10526315789474,3625,1,2433202.265573,1949-10-12,16.243377685546875,,2763,235,4.333,0,Quiet (<5),False
171,302.40000000000003,-22.10526315789474,16,1,2433147.405381,1949-08-18,15.13190746307373,,2158,187,4.0,0,Quiet (<5),False
172,316.8,-22.10526315789474,642,1,2433043.578924,1949-05-07,14.567391395568848,,1185,105,5.0,1,G1 (5),False
177,28.8,-15.789473684210527,9,1,2433626.641211,1950-12-11,11.904631614685059,,2396,255,3.333,0,Quiet (<5),False
177,28.8,-15.789473684210527,92,1,2433160.940392,1949-09-01,10.663222312927246,,2395,254,4.0,0,Quiet (<5),False
180,72.0,-15.789473684210527,355,1,2434063.355652,1952-02-20,10.572785377502441,,2247,225,5.0,1,G1 (5),False
181,86.4,-15.789473684210527,216,1,2434335.803007,1952-11-19,13.574505805969238,,1963,209,4.333,0,Quiet (<5),False
181,86.4,-15.789473684210527,304,1,2433151.622447,1949-08-23,15.239334106445312,,1964,210,2.667,0,Quiet (<5),False
181,86.4,-15.789473684210527,675,1,2433264.330603,1949-12-13,13.690784454345703,,1921,208,1.667,0,Quiet (<5),False
182,100.8,-15.789473684210527,411,1,2433250.512105,1949-11-30,15.177144050598145,,2369,172,5.333,1,G1 (5),False
251,14.4,3.1578947368421098,174,1,2434309.675423,1952-10-24,17.378498077392578,,2836,341,2.667,0,Quiet (<5),False
252,28.8,3.1578947368421098,223,1,2433617.54653,1950-12-02,14.273632049560547,,2990,396,4.0,0,Quiet (<5),False
252,28.8,3.1578947368421098,265,1,2433621.512463,1950-12-06,16.74081802368164,,2897,388,4.333,0,Quiet (<5),False
255,72.0,3.1578947368421098,445,1,2433235.75913,1949-11-15,14.565191268920898,,3505,389,3.667,0,Quiet (<5),False
256,86.4,3.1578947368421098,684,1,2433498.836183,1950-08-05,13.192296028137207,,3122,358,4.667,0,Quiet (<5),False
257,100.8,3.1578947368421098,520,1,2432971.597707,1949-02-24,14.260339736938477,,3670,335,6.333,2,G2 (6),False
257,100.8,3.1578947368421098,924,1,2432946.606237,1949-01-30,15.61221981048584,,3652,333,2.667,0,Quiet (<5),False
257,100.8,3.1578947368421098,1065,1,2434097.609371,1952-03-26,15.106852531433105,,3670,335,5.667,1,G1 (5),False
257,100.8,3.1578947368421098,1478,1,2433238.813305,1949-11-18,13.95331859588623,,3670,335,5.0,1,G1 (5),False
257,100.8,3.1578947368421098,1832,1,2432966.539721,1949-02-19,18.335134506225586,,3641,331,5.333,1,G1 (5),False
258,115.2,3.1578947368421098,75,1,2433279.474574,1949-12-28,15.533970832824707,,3219,267,3.0,0,Quiet (<5),False
258,115.2,3.1578947368421098,445,1,2433237.933863,1949-11-17,12.61324691772461,,3182,263,5.0,1,G1 (5),False
258,115.2,3.1578947368421098,477,1,2433326.40268,1950-02-13,14.82793140411377,,3182,263,2.667,0,Quiet (<5),False
258,115.2,3.1578947368421098,564,1,2433326.402682,1950-02-13,14.499512672424316,,3182,263,2.667,0,Quiet (<5),False
258,115.2,3.1578947368421098,724,1,2433001.349578,1949-03-25,13.168722152709961,,3219,267,7.0,3,G3 (7),False
258,115.2,3.1578947368421098,817,1,2433678.28244,1951-01-31,15.707093238830566,,3181,262,6.667,2,G2 (6),True
258,115.2,3.1578947368421098,933,1,2433683.663958,1951-02-06,14.336893081665039,,3269,267,6.0,2,G2 (6),True
258,115.2,3.1578947368421098,1259,1,2433678.28243,1951-01-31,16.30704116821289,,3231,265,6.667,2,G2 (6),True
259,129.6,3.1578947368421098,424,1,2433269.9526,1949-12-19,10.646377563476562,,3065,260,2.333,0,Quiet (<5),False
260,144.0,3.1578947368421098,192,1,2433268.951526,1949-12-18,13.974696159362793,,3068,261,4.333,0,Quiet (<5),False
266,230.4,3.1578947368421098,78,1,2433304.042094,1950-01-22,15.399422645568848,,2967,282,4.333,0,Quiet (<5),False
269,273.6,3.1578947368421098,114,1,2433071.402396,1949-06-03,15.828045845031738,,3678,331,5.0,1,G1 (5),False
269,273.6,3.1578947368421098,215,1,2433013.52625,1949-04-07,14.926090240478516,,3677,330,7.333,3,G3 (7),False
269,273.6,3.1578947368421098,364,1,2433071.402396,1949-06-03,15.40374755859375,,3678,331,5.0,1,G1 (5),False
269,273.6,3.1578947368421098,719,1,2433071.402393,1949-06-03,15.342529296875,,3678,331,5.0,1,G1 (5),False
269,273.6,3.1578947368421098,747,1,2434278.247381,1952-09-22,15.243626594543457,,3678,331,5.667,1,G1 (5),False
269,273.6,3.1578947368421098,783,1,2434218.642169,1952-07-25,15.303875923156738,,3677,330,3.333,0,Quiet (<5),False
269,273.6,3.1578947368421098,902,1,2433445.70513,1950-06-13,13.572864532470703,,3678,331,3.0,0,Quiet (<5),False
269,273.6,3.1578947368421098,931,1,2433473.357589,1950-07-10,14.9031343460083,,3677,330,3.667,0,Quiet (<5),False
269,273.6,3.1578947368421098,998,1,2433823.701225,1951-06-26,12.144301414489746,,3678,331,5.667,1,G1 (5),False
269,273.6,3.1578947368421098,1234,1,2433071.402398,1949-06-03,15.047151565551758,,3678,331,5.0,1,G1 (5),False
269,273.6,3.1578947368421098,1353,1,2433126.323074,1949-07-28,16.201982498168945,,3677,330,3.0,0,Quiet (<5),False
269,273.6,3.1578947368421098,1497,1,2433071.4024,1949-06-03,15.30935001373291,,3678,331,5.0,1,G1 (5),False
269,273.6,3.1578947368421098,1673,1,2433013.526256,1949-04-07,14.810502052307129,,3677,330,7.333,3,G3 (7),False
269,273.6,3.1578947368421098,1880,1,2433202.23129,1949-10-12,13.24820613861084,,3678,331,4.333,0,Quiet (<5),False
269,273.6,3.1578947368421098,2115,1,2433071.402394,1949-06-03,14.949101448059082,,3678,331,5.0,1,G1 (5),False
269,273.6,3.1578947368421098,2161,1,2434211.707611,1952-07-18,14.687670707702637,,3672,344,2.667,0,Quiet (<5),False
269,273.6,3.1578947368421098,2432,1,2433083.706716,1949-06-16,13.684317588806152,,3678,331,3.667,0,Quiet (<5),False
269,273.6,3.1578947368421098,2532,1,2434093.849902,1952-03-22,15.719120025634766,,3740,328,5.667,1,G1 (5),False
269,273.6,3.1578947368421098,3052,1,2433071.402389,1949-06-03,14.325213432312012,,3741,329,5.0,1,G1 (5),False
269,273.6,3.1578947368421098,3061,1,2433871.462675,1951-08-12,12.6965913772583,,3677,330,4.0,0,Quiet (<5),False
269,273.6,3.1578947368421098,3218,1,2433071.402391,1949-06-03,16.2221736907959,,3678,331,5.0,1,G1 (5),False
269,273.6,3.1578947368421098,3454,1,2433071.402403,1949-06-03,14.685578346252441,,3678,331,5.0,1,G1 (5),False
269,273.6,3.1578947368421098,3941,1,2433095.509987,1949-06-28,14.092682838439941,,3678,331,3.333,0,Quiet (<5),False
269,273.6,3.1578947368421098,4179,1,2433071.402392,1949-06-03,14.863758087158203,,3741,329,5.0,1,G1 (5),False
269,273.6,3.1578947368421098,4193,1,2433822.661361,1951-06-25,13.247221946716309,,3678,331,5.667,1,G1 (5),False
269,273.6,3.1578947368421098,4214,1,2433071.402384,1949-06-03,15.426950454711914,,3678,331,5.0,1,G1 (5),False
269,273.6,3.1578947368421098,4285,1,2433914.263295,1951-09-24,12.537317276000977,,3741,329,7.0,3,G3 (7),True
269,273.6,3.1578947368421098,4305,1,2433071.402383,1949-06-03,16.044235229492188,,3678,331,5.0,1,G1 (5),False
269,273.6,3.1578947368421098,4368,1,2433071.402381,1949-06-03,16.269786834716797,,3678,331,5.0,1,G1 (5),False
269,273.6,3.1578947368421098,4456,1,2434235.37646,1952-08-10,14.397932052612305,,3678,331,4.333,0,Quiet (<5),False
269,273.6,3.1578947368421098,4542,1,2433416.868616,1950-05-15,11.771124839782715,,3677,330,5.333,1,G1 (5),False
269,273.6,3.1578947368421098,4636,1,2433071.402382,1949-06-03,14.901002883911133,,3741,329,5.0,1,G1 (5),False
269,273.6,3.1578947368421098,4716,1,2433071.402387,1949-06-03,16.08246421813965,,3678,331,5.0,1,G1 (5),False
269,273.6,3.1578947368421098,4911,1,2433071.402393,1949-06-03,16.445566177368164,,3741,329,5.0,1,G1 (5),False
269,273.6,3.1578947368421098,5182,1,2433071.402389,1949-06-03,16.086679458618164,,3678,331,5.0,1,G1 (5),False
269,273.6,3.1578947368421098,5366,1,2433851.679596,1951-07-24,11.698887825012207,,3672,344,6.0,2,G2 (6),False
270,288.0,3.1578947368421098,28,1,2434479.814768,1953-04-12,16.37712860107422,,4076,398,4.667,0,Quiet (<5),True
270,288.0,3.1578947368421098,92,1,2433500.676166,1950-08-07,15.170894622802734,,4077,399,7.667,3,G3 (7),False
270,288.0,3.1578947368421098,136,1,2433068.794406,1949-06-01,14.65609073638916,,4077,399,6.667,2,G2 (6),False
270,288.0,3.1578947368421098,166,1,2434220.738347,1952-07-27,14.02027702331543,,4076,398,4.333,0,Quiet (<5),False
270,288.0,3.1578947368421098,316,1,2434216.725113,1952-07-23,14.28235912322998,,4076,398,6.0,2,G2 (6),False
270,288.0,3.1578947368421098,456,1,2434537.679716,1953-06-09,16.03567886352539,,4076,398,3.333,0,Quiet (<5),False
270,288.0,3.1578947368421098,522,1,2433068.794402,1949-06-01,15.39847183227539,,4077,399,6.667,2,G2 (6),False
270,288.0,3.1578947368421098,532,1,2434537.679715,1953-06-09,16.49951934814453,,4076,398,3.333,0,Quiet (<5),False
270,288.0,3.1578947368421098,558,1,2433500.676167,1950-08-07,15.202695846557617,,4077,399,7.667,3,G3 (7),False
270,288.0,3.1578947368421098,660,1,2433500.676167,1950-08-07,15.413165092468262,,4077,399,7.667,3,G3 (7),False
270,288.0,3.1578947368421098,737,1,2433500.676164,1950-08-07,15.37169075012207,,4077,399,7.667,3,G3 (7),False
270,288.0,3.1578947368421098,746,1,2433558.302373,1950-10-03,14.24763298034668,,4076,398,6.667,2,G2 (6),False
270,288.0,3.1578947368421098,776,1,2433438.786161,1950-06-06,16.72831153869629,,4076,398,6.0,2,G2 (6),False
270,288.0,3.1578947368421098,795,1,2433500.676165,1950-08-07,15.22136116027832,,4077,399,7.667,3,G3 (7),False
270,288.0,3.1578947368421098,804,1,2434220.738346,1952-07-27,13.802807807922363,,4076,398,4.333,0,Quiet (<5),False
270,288.0,3.1578947368421098,845,1,2434537.679714,1953-06-09,14.419868469238281,,4076,398,3.333,0,Quiet (<5),False
270,288.0,3.1578947368421098,897,1,2434149.837116,1952-05-17,16.064727783203125,,4076,398,3.0,0,Quiet (<5),False
270,288.0,3.1578947368421098,1280,1,2434537.679722,1953-06-09,14.04003620147705,,4076,398,3.333,0,Quiet (<5),False
270,288.0,3.1578947368421098,1405,1,2434219.724477,1952-07-26,15.641012191772461,,4076,398,3.667,0,Quiet (<5),False
270,288.0,3.1578947368421098,1441,1,2434537.679709,1953-06-09,16.6652889251709,,4076,398,3.333,0,Quiet (<5),False
270,288.0,3.1578947368421098,1478,1,2434216.725108,1952-07-23,14.511700630187988,,4076,398,6.0,2,G2 (6),False
270,288.0,3.1578947368421098,1719,1,2434160.809189,1952-05-28,14.374595642089844,,4076,398,8.0,4,G4-G5 (>=8),False
270,288.0,3.1578947368421098,1751,1,2434537.679717,1953-06-09,16.280925750732422,,4076,398,3.333,0,Quiet (<5),False
270,288.0,3.1578947368421098,1783,1,2434160.80919,1952-05-28,14.098766326904297,,4076,398,8.0,4,G4-G5 (>=8),False
270,288.0,3.1578947368421098,2026,1,2433500.676173,1950-08-07,14.660575866699219,,4077,399,7.667,3,G3 (7),False
270,288.0,3.1578947368421098,2092,1,2434160.802971,1952-05-28,15.617473602294922,,4076,398,8.0,4,G4-G5 (>=8),False
270,288.0,3.1578947368421098,2137,1,2434160.80919,1952-05-28,14.398700714111328,,4076,398,8.0,4,G4-G5 (>=8),False
270,288.0,3.1578947368421098,2173,1,2433500.676164,1950-08-07,15.857019424438477,,4077,399,7.667,3,G3 (7),False
270,288.0,3.1578947368421098,2194,1,2433500.67616,1950-08-07,15.011805534362793,,4077,399,7.667,3,G3 (7),False
270,288.0,3.1578947368421098,2200,1,2434537.679711,1953-06-09,14.63583755493164,,4076,398,3.333,0,Quiet (<5),False
270,288.0,3.1578947368421098,2378,1,2434537.679708,1953-06-09,15.61921215057373,,4076,398,3.333,0,Quiet (<5),False
270,288.0,3.1578947368421098,2389,1,2434220.738344,1952-07-27,14.187618255615234,,4076,398,4.333,0,Quiet (<5),False
270,288.0,3.1578947368421098,2423,1,2434160.802956,1952-05-28,15.788126945495605,,4076,398,8.0,4,G4-G5 (>=8),False
270,288.0,3.1578947368421098,2505,1,2434160.80297,1952-05-28,13.797618865966797,,4076,398,8.0,4,G4-G5 (>=8),False
270,288.0,3.1578947368421098,2525,1,2434160.802957,1952-05-28,15.16541576385498,,4076,398,8.0,4,G4-G5 (>=8),False
270,288.0,3.1578947368421098,2617,1,2434537.679721,1953-06-09,14.223611831665039,,4076,398,3.333,0,Quiet (<5),False
270,288.0,3.1578947368421098,2674,1,2433031.538911,1949-04-25,13.913369178771973,,4077,399,3.0,0,Quiet (<5),False
270,288.0,3.1578947368421098,2686,1,2434537.679724,1953-06-09,16.98527717590332,,4076,398,3.333,0,Quiet (<5),False
270,288.0,3.1578947368421098,2794,1,2433139.605892,1949-08-11,11.831772804260254,,4076,398,3.667,0,Quiet (<5),False
270,288.0,3.1578947368421098,2814,1,2434160.802958,1952-05-28,15.745104789733887,,4076,398,8.0,4,G4-G5 (>=8),False
270,288.0,3.1578947368421098,2826,1,2434160.802973,1952-05-28,15.891288757324219,,4076,398,8.0,4,G4-G5 (>=8),False
270,288.0,3.1578947368421098,2850,1,2433068.794412,1949-06-01,15.060948371887207,,4077,399,6.667,2,G2 (6),False
270,288.0,3.1578947368421098,2954,1,2433139.60589,1949-08-11,11.9832763671875,,4076,398,3.667,0,Quiet (<5),False
270,288.0,3.1578947368421098,3098,1,2434537.679724,1953-06-09,15.729142189025879,,4076,398,3.333,0,Quiet (<5),False
270,288.0,3.1578947368421098,3174,1,2434537.679723,1953-06-09,14.725211143493652,,4076,398,3.333,0,Quiet (<5),False
270,288.0,3.1578947368421098,3186,1,2433068.794394,1949-06-01,14.250340461730957,,4077,399,6.667,2,G2 (6),False
270,288.0,3.1578947368421098,3206,1,2433473.314874,1950-07-10,15.939678192138672,,4076,398,3.667,0,Quiet (<5),False
270,288.0,3.1578947368421098,3354,1,2434271.290991,1952-09-15,14.191216468811035,,4076,398,5.0,1,G1 (5),False
270,288.0,3.1578947368421098,3384,1,2433068.794414,1949-06-01,15.866337776184082,,4077,399,6.667,2,G2 (6),False
270,288.0,3.1578947368421098,3397,1,2434133.825889,1952-05-01,12.408111572265625,,4076,398,7.333,3,G3 (7),True
270,288.0,3.1578947368421098,3406,1,2434160.802971,1952-05-28,15.810102462768555,,4076,398,8.0,4,G4-G5 (>=8),False
270,288.0,3.1578947368421098,3498,1,2433438.786169,1950-06-06,17.876930236816406,,4076,398,6.0,2,G2 (6),False
270,288.0,3.1578947368421098,3567,1,2434160.802974,1952-05-28,15.689969062805176,,4076,398,8.0,4,G4-G5 (>=8),False
270,288.0,3.1578947368421098,3626,1,2434133.82589,1952-05-01,12.844564437866211,,4076,398,7.333,3,G3 (7),True
270,288.0,3.1578947368421098,3899,1,2434537.679718,1953-06-09,15.251733779907227,,4076,398,3.333,0,Quiet (<5),False
270,288.0,3.1578947368421098,3985,1,2433068.794393,1949-06-01,15.438058853149414,,4077,399,6.667,2,G2 (6),False
270,288.0,3.1578947368421098,4011,1,2433139.605896,1949-08-11,11.961865425109863,,4076,398,3.667,0,Quiet (<5),False
270,288.0,3.1578947368421098,4085,1,2433836.346273,1951-07-08,13.662903785705566,,4077,399,3.667,0,Quiet (<5),False
270,288.0,3.1578947368421098,4289,1,2434537.784306,1953-06-09,16.74965476989746,,4077,399,3.333,0,Quiet (<5),False
270,288.0,3.1578947368421098,4348,1,2433148.598552,1949-08-20,15.027618408203125,,4076,398,3.333,0,Quiet (<5),False
270,288.0,3.1578947368421098,4516,1,2434160.80921,1952-05-28,14.522372245788574,,4076,398,8.0,4,G4-G5 (>=8),False
270,288.0,3.1578947368421098,4542,1,2433438.786158,1950-06-06,15.059471130371094,,4076,398,6.0,2,G2 (6),False
270,288.0,3.1578947368421098,4592,1,2433068.794395,1949-06-01,15.628782272338867,,4077,399,6.667,2,G2 (6),False
270,288.0,3.1578947368421098,4655,1,2434220.738348,1952-07-27,13.847620964050293,,4076,398,4.333,0,Quiet (<5),False
270,288.0,3.1578947368421098,4759,1,2434160.802975,1952-05-28,15.660869598388672,,4076,398,8.0,4,G4-G5 (>=8),False
270,288.0,3.1578947368421098,4797,1,2434160.802952,1952-05-28,15.018035888671875,,4076,398,8.0,4,G4-G5 (>=8),False
270,288.0,3.1578947368421098,4840,1,2434160.802974,1952-05-28,15.714406967163086,,4076,398,8.0,4,G4-G5 (>=8),False
270,288.0,3.1578947368421098,4977,1,2433068.794413,1949-06-01,15.749354362487793,,4040,393,6.667,2,G2 (6),False
270,288.0,3.1578947368421098,5177,1,2434537.67972,1953-06-09,15.359431266784668,,4039,392,3.333,0,Quiet (<5),False
270,288.0,3.1578947368421098,5235,1,2434160.802967,1952-05-28,15.807352066040039,,4039,392,8.0,4,G4-G5 (>=8),False
270,288.0,3.1578947368421098,5321,1,2433500.307856,1950-08-06,14.078012466430664,,4039,392,3.667,0,Quiet (<5),False
270,288.0,3.1578947368421098,5365,1,2433500.676168,1950-08-07,15.250057220458984,,4077,399,7.667,3,G3 (7),False
270,288.0,3.1578947368421098,5446,1,2434537.679717,1953-06-09,15.84404182434082,,4076,398,3.333,0,Quiet (<5),False
270,288.0,3.1578947368421098,5518,1,2434537.679714,1953-06-09,17.117557525634766,,4076,398,3.333,0,Quiet (<5),False
270,288.0,3.1578947368421098,5613,1,2433177.595578,1949-09-18,14.121987342834473,,4076,398,3.667,0,Quiet (<5),False
270,288.0,3.1578947368421098,5733,1,2434160.802955,1952-05-28,15.898273468017578,,4076,398,8.0,4,G4-G5 (>=8),False
270,288.0,3.1578947368421098,5734,1,2434160.802969,1952-05-28,15.710515975952148,,4039,392,8.0,4,G4-G5 (>=8),False
270,288.0,3.1578947368421098,5782,1,2434220.738355,1952-07-27,14.155065536499023,,4039,392,4.333,0,Quiet (<5),False
270,288.0,3.1578947368421098,5779,1,2434537.679721,1953-06-09,15.356282234191895,,4039,392,3.333,0,Quiet (<5),False
270,288.0,3.1578947368421098,5989,1,2434537.679723,1953-06-09,16.188190460205078,,4076,398,3.333,0,Quiet (<5),False
270,288.0,3.1578947368421098,6029,1,2434160.809204,1952-05-28,14.67739486694336,,4076,398,8.0,4,G4-G5 (>=8),False
270,288.0,3.1578947368421098,6034,1,2434149.837137,1952-05-17,16.094568252563477,,4053,394,3.0,0,Quiet (<5),False
270,288.0,3.1578947368421098,6056,1,2434220.738357,1952-07-27,14.145564079284668,,4039,392,4.333,0,Quiet (<5),False
270,288.0,3.1578947368421098,6070,1,2434160.802972,1952-05-28,15.61347770690918,,4076,398,8.0,4,G4-G5 (>=8),False
270,288.0,3.1578947368421098,6226,1,2433473.314889,1950-07-10,16.89487648010254,,4039,392,3.667,0,Quiet (<5),False
270,288.0,3.1578947368421098,6269,1,2434537.679703,1953-06-09,16.483875274658203,,4076,398,3.333,0,Quiet (<5),False
270,288.0,3.1578947368421098,6359,1,2434160.802969,1952-05-28,16.21398162841797,,4076,398,8.0,4,G4-G5 (>=8),False
270,288.0,3.1578947368421098,6395,1,2434218.642736,1952-07-25,15.32061767578125,,4076,398,3.333,0,Quiet (<5),False
270,288.0,3.1578947368421098,6461,1,2434160.802978,1952-05-28,15.85145092010498,,4076,398,8.0,4,G4-G5 (>=8),False
270,288.0,3.1578947368421098,6539,1,2434537.679706,1953-06-09,13.582319259643555,,4076,398,3.333,0,Quiet (<5),False
270,288.0,3.1578947368421098,6667,1,2434160.802948,1952-05-28,15.717403411865234,,4076,398,8.0,4,G4-G5 (>=8),False
270,288.0,3.1578947368421098,6754,1,2434160.80297,1952-05-28,15.711223602294922,,4076,398,8.0,4,G4-G5 (>=8),False
270,288.0,3.1578947368421098,6837,1,2433068.794398,1949-06-01,14.927838325500488,,4077,399,6.667,2,G2 (6),False
270,288.0,3.1578947368421098,6861,1,2434219.724474,1952-07-26,15.655023574829102,,4080,394,3.667,0,Quiet (<5),False
270,288.0,3.1578947368421098,6981,1,2433031.538884,1949-04-25,14.009429931640625,,4077,399,3.0,0,Quiet (<5),False
270,288.0,3.1578947368421098,6983,1,2434216.725103,1952-07-23,14.547218322753906,,4076,398,6.0,2,G2 (6),False
270,288.0,3.1578947368421098,6995,1,2434267.353123,1952-09-11,15.500107765197754,,4076,398,6.0,2,G2 (6),False
270,288.0,3.1578947368421098,7004,1,2433555.536844,1950-10-01,11.947532653808594,,4076,398,6.333,2,G2 (6),False
270,288.0,3.1578947368421098,7217,1,2434537.679708,1953-06-09,16.470054626464844,,4076,398,3.333,0,Quiet (<5),False
270,288.0,3.1578947368421098,7403,1,2433500.676175,1950-08-07,15.618204116821289,,4040,393,7.667,3,G3 (7),False
270,288.0,3.1578947368421098,7456,1,2434160.802961,1952-05-28,15.990654945373535,,4076,398,8.0,4,G4-G5 (>=8),False
270,288.0,3.1578947368421098,7491,1,2434216.725101,1952-07-23,14.647103309631348,,4076,398,6.0,2,G2 (6),False
270,288.0,3.1578947368421098,7506,1,2433500.676168,1950-08-07,15.763328552246094,,4054,395,7.667,3,G3 (7),False
270,288.0,3.1578947368421098,7675,1,2433438.786157,1950-06-06,15.041115760803223,,4076,398,6.0,2,G2 (6),False
270,288.0,3.1578947368421098,7833,1,2434160.802965,1952-05-28,15.47739315032959,,4076,398,8.0,4,G4-G5 (>=8),False
270,288.0,3.1578947368421098,7890,1,2433143.653319,1949-08-15,13.025097846984863,,4039,392,5.333,1,G1 (5),False
270,288.0,3.1578947368421098,7903,1,2433068.794415,1949-06-01,15.662213325500488,,4040,393,6.667,2,G2 (6),False
270,288.0,3.1578947368421098,7935,1,2434537.679702,1953-06-09,13.18553638458252,,4076,398,3.333,0,Quiet (<5),False
270,288.0,3.1578947368421098,8048,1,2434537.741369,1953-06-09,17.02609634399414,,4039,392,3.333,0,Quiet (<5),False
270,288.0,3.1578947368421098,8140,1,2433500.676172,1950-08-07,14.680563926696777,,4040,393,7.667,3,G3 (7),False
270,288.0,3.1578947368421098,8218,1,2434160.802972,1952-05-28,15.994617462158203,,4080,394,8.0,4,G4-G5 (>=8),False
270,288.0,3.1578947368421098,8234,1,2434220.73835,1952-07-27,14.222627639770508,,4076,398,4.333,0,Quiet (<5),False
270,288.0,3.1578947368421098,8353,1,2433038.5017,1949-05-02,14.1215238571167,,4080,394,3.667,0,Quiet (<5),False
270,288.0,3.1578947368421098,8366,1,2433068.794389,1949-06-01,13.912611961364746,,4077,399,6.667,2,G2 (6),False
270,288.0,3.1578947368421098,8425,1,2434537.679712,1953-06-09,16.200416564941406,,4076,398,3.333,0,Quiet (<5),False
270,288.0,3.1578947368421098,8450,1,2434537.679711,1953-06-09,15.728349685668945,,4076,398,3.333,0,Quiet (<5),False
270,288.0,3.1578947368421098,8559,1,2434537.679703,1953-06-09,16.20377540588379,,4076,398,3.333,0,Quiet (<5),False
270,288.0,3.1578947368421098,8620,1,2434537.741353,1953-06-09,17.372827529907227,,4076,398,3.333,0,Quiet (<5),False
270,288.0,3.1578947368421098,8630,1,2434216.725121,1952-07-23,14.508247375488281,,4076,398,6.0,2,G2 (6),False
270,288.0,3.1578947368421098,8665,1,2434479.814744,1953-04-12,14.90737247467041,,4076,398,4.667,0,Quiet (<5),True
270,288.0,3.1578947368421098,8689,1,2434160.802945,1952-05-28,14.623873710632324,,4076,398,8.0,4,G4-G5 (>=8),False
270,288.0,3.1578947368421098,8708,1,2433438.786163,1950-06-06,14.864546775817871,,4039,392,6.0,2,G2 (6),False
270,288.0,3.1578947368421098,8777,1,2434218.642753,1952-07-25,15.33591079711914,,4076,398,3.333,0,Quiet (<5),False
270,288.0,3.1578947368421098,8838,1,2434160.809215,1952-05-28,14.615894317626953,,4080,394,8.0,4,G4-G5 (>=8),False
270,288.0,3.1578947368421098,8902,1,2433500.67618,1950-08-07,15.467935562133789,,4040,393,7.667,3,G3 (7),False
270,288.0,3.1578947368421098,9184,1,2433500.676154,1950-08-07,15.6940336227417,,4081,395,7.667,3,G3 (7),False
270,288.0,3.1578947368421098,9285,1,2434278.248824,1952-09-22,11.657633781433105,,4077,399,5.667,1,G1 (5),False
270,288.0,3.1578947368421098,9312,1,2434160.809186,1952-05-28,13.218814849853516,,4076,398,8.0,4,G4-G5 (>=8),False
270,288.0,3.1578947368421098,9406,1,2434160.80298,1952-05-28,15.645159721374512,,4053,394,8.0,4,G4-G5 (>=8),False
270,288.0,3.1578947368421098,9446,1,2433531.57385,1950-09-07,12.934456825256348,,4076,398,6.333,2,G2 (6),False
270,288.0,3.1578947368421098,9499,1,2434160.802944,1952-05-28,13.761048316955566,,4076,398,8.0,4,G4-G5 (>=8),False
270,288.0,3.1578947368421098,9547,1,2434537.679716,1953-06-09,13.323208808898926,,4039,392,3.333,0,Quiet (<5),False
270,288.0,3.1578947368421098,9686,1,2434537.679732,1953-06-09,16.913476943969727,,4053,394,3.333,0,Quiet (<5),False
270,288.0,3.1578947368421098,9785,1,2433500.676152,1950-08-07,14.728348731994629,,4081,395,7.667,3,G3 (7),False
270,288.0,3.1578947368421098,9827,1,2434216.7251,1952-07-23,14.540306091308594,,4080,394,6.0,2,G2 (6),False
270,288.0,3.1578947368421098,9858,1,2434537.679733,1953-06-09,17.03285026550293,,4080,394,3.333,0,Quiet (<5),False
270,288.0,3.1578947368421098,9871,1,2433143.653295,1949-08-15,11.83907413482666,,4076,398,5.333,1,G1 (5),False
270,288.0,3.1578947368421098,9884,1,2434160.802983,1952-05-28,16.016809463500977,,4080,394,8.0,4,G4-G5 (>=8),False
270,288.0,3.1578947368421098,9896,1,2433500.676153,1950-08-07,14.234334945678711,,4077,399,7.667,3,G3 (7),False
270,288.0,3.1578947368421098,9960,1,2433500.67616,1950-08-07,15.855809211730957,,4081,395,7.667,3,G3 (7),False
270,288.0,3.1578947368421098,10098,1,2434160.802957,1952-05-28,15.475141525268555,,4039,392,8.0,4,G4-G5 (>=8),False
270,288.0,3.1578947368421098,10109,1,2434160.802965,1952-05-28,16.02582550048828,,4076,398,8.0,4,G4-G5 (>=8),False
270,288.0,3.1578947368421098,10324,1,2433473.314889,1950-07-10,16.60533332824707,,4053,394,3.667,0,Quiet (<5),False
270,288.0,3.1578947368421098,10432,1,2433473.314888,1950-07-10,16.871719360351562,,4053,394,3.667,0,Quiet (<5),False
270,288.0,3.1578947368421098,10597,1,2433558.302394,1950-10-03,13.65319538116455,,4040,393,6.667,2,G2 (6),False
271,302.40000000000003,3.1578947368421098,282,1,2433500.676696,1950-08-07,12.48721981048584,,3667,362,7.667,3,G3 (7),False
271,302.40000000000003,3.1578947368421098,424,1,2433267.457599,1949-12-16,13.712928771972656,,3667,362,4.333,0,Quiet (<5),False
271,302.40000000000003,3.1578947368421098,581,1,2433500.67669,1950-08-07,13.656940460205078,,3667,362,7.667,3,G3 (7),False
271,302.40000000000003,3.1578947368421098,602,1,2433398.603851,1950-04-27,15.841609954833984,,3667,362,3.667,0,Quiet (<5),False
271,302.40000000000003,3.1578947368421098,624,1,2433119.38157,1949-07-21,16.904621124267578,,3667,362,4.0,0,Quiet (<5),False
271,302.40000000000003,3.1578947368421098,693,1,2433454.785163,1950-06-22,12.54720687866211,,3667,362,3.667,0,Quiet (<5),False
271,302.40000000000003,3.1578947368421098,954,1,2433542.590607,1950-09-18,13.743024826049805,,3667,362,5.333,1,G1 (5),False
271,302.40000000000003,3.1578947368421098,991,1,2433119.381575,1949-07-21,16.030176162719727,,3661,365,4.0,0,Quiet (<5),False
271,302.40000000000003,3.1578947368421098,1250,1,2433184.592817,1949-09-25,13.264046669006348,,3668,363,5.333,1,G1 (5),False
271,302.40000000000003,3.1578947368421098,1361,1,2433175.390992,1949-09-15,16.297964096069336,,3661,365,5.333,1,G1 (5),False
271,302.40000000000003,3.1578947368421098,1505,1,2433175.391002,1949-09-15,16.497474670410156,,3658,368,5.333,1,G1 (5),False
271,302.40000000000003,3.1578947368421098,1573,1,2433502.716905,1950-08-09,15.77150821685791,,3668,363,7.667,3,G3 (7),False
271,302.40000000000003,3.1578947368421098,1607,1,2433483.736999,1950-07-21,14.012016296386719,,3667,362,3.0,0,Quiet (<5),False
271,302.40000000000003,3.1578947368421098,1646,1,2433854.694995,1951-07-27,14.39490032196045,,3661,365,5.0,1,G1 (5),False
271,302.40000000000003,3.1578947368421098,1725,1,2433073.502175,1949-06-06,15.585490226745605,,3661,365,6.667,2,G2 (6),False
271,302.40000000000003,3.1578947368421098,1882,1,2433453.393509,1950-06-20,16.424968719482422,,3661,365,3.0,0,Quiet (<5),False
271,302.40000000000003,3.1578947368421098,1927,1,2433073.502172,1949-06-06,15.689786911010742,,3678,373,6.667,2,G2 (6),False
271,302.40000000000003,3.1578947368421098,1948,1,2433199.6171,1949-10-10,12.66440200805664,,3678,373,6.667,2,G2 (6),False
271,302.40000000000003,3.1578947368421098,2127,1,2434220.679412,1952-07-27,13.66152286529541,,3667,362,4.333,0,Quiet (<5),False
271,302.40000000000003,3.1578947368421098,2286,1,2433175.391016,1949-09-15,16.653650283813477,,3678,373,5.333,1,G1 (5),False
271,302.40000000000003,3.1578947368421098,2436,1,2433483.737,1950-07-21,13.751928329467773,,3661,365,3.0,0,Quiet (<5),False
271,302.40000000000003,3.1578947368421098,2982,1,2433856.734908,1951-07-29,12.032405853271484,,3661,365,5.333,1,G1 (5),False
271,302.40000000000003,3.1578947368421098,3071,1,2433073.502168,1949-06-06,14.028945922851562,,3661,365,6.667,2,G2 (6),False
271,302.40000000000003,3.1578947368421098,3140,1,2434251.235129,1952-08-26,12.615781784057617,,3679,374,2.667,0,Quiet (<5),False
271,302.40000000000003,3.1578947368421098,3150,1,2433398.603875,1950-04-27,14.451704025268555,,3658,368,3.667,0,Quiet (<5),False
272,316.8,3.1578947368421098,612,1,2433123.394471,1949-07-25,16.242769241333008,,3471,356,4.333,0,Quiet (<5),False
274,345.6,3.1578947368421098,209,1,2433585.501809,1950-10-31,14.223532676696777,,2861,338,6.0,2,G2 (6),False
276,14.4,9.473684210526315,184,1,2433126.966912,1949-07-29,11.205238342285156,,2753,370,2.0,0,Quiet (<5),False
281,86.4,9.473684210526315,110,1,2433236.900182,1949-11-16,12.425044059753418,,3251,376,5.0,1,G1 (5),False
281,86.4,9.473684210526315,121,1,2433179.981409,1949-09-20,12.159637451171875,,3250,375,2.0,0,Quiet (<5),False
281,86.4,9.473684210526315,312,1,2433188.983652,1949-09-29,12.275071144104004,,3250,370,4.667,0,Quiet (<5),False
281,86.4,9.473684210526315,322,1,2433179.981411,1949-09-20,11.917344093322754,,3250,375,2.0,0,Quiet (<5),False
281,86.4,9.473684210526315,618,1,2433179.981404,1949-09-20,11.740352630615234,,3250,370,2.0,0,Quiet (<5),False
281,86.4,9.473684210526315,1069,1,2432946.605527,1949-01-30,14.158592224121094,,3250,375,2.667,0,Quiet (<5),False
281,86.4,9.473684210526315,1193,1,2435099.654896,1954-12-23,17.088655471801758,,3250,370,2.667,0,Quiet (<5),False
282,100.8,9.473684210526315,146,1,2434045.720176,1952-02-03,15.28626823425293,,3794,403,5.667,1,G1 (5),False
282,100.8,9.473684210526315,232,1,2434127.207577,1952-04-24,14.870640754699707,,3794,403,5.667,1,G1 (5),False
282,100.8,9.473684210526315,238,1,2434772.661303,1954-01-30,16.32859992980957,,3763,430,2.667,0,Quiet (<5),False
282,100.8,9.473684210526315,296,1,2434769.286771,1954-01-26,16.684886932373047,,3763,430,2.667,0,Quiet (<5),False
282,100.8,9.473684210526315,522,1,2434743.371122,1953-12-31,13.291749954223633,,3764,431,3.0,0,Quiet (<5),False
282,100.8,9.473684210526315,716,1,2433267.639386,1949-12-17,9.36683177947998,,3763,430,4.333,0,Quiet (<5),False
282,100.8,9.473684210526315,1152,1,2434772.621834,1954-01-30,15.821084976196289,,3763,430,2.667,0,Quiet (<5),False
282,100.8,9.473684210526315,1409,1,2432965.562296,1949-02-18,15.96430778503418,,3707,385,5.333,1,G1 (5),False
282,100.8,9.473684210526315,1459,1,2434804.557197,1954-03-03,14.536938667297363,,3763,430,4.333,0,Quiet (<5),False
282,100.8,9.473684210526315,1616,1,2434097.621843,1952-03-26,15.250954627990723,,3707,385,5.667,1,G1 (5),False
282,100.8,9.473684210526315,1625,1,2432946.648614,1949-01-30,16.01889991760254,,3707,385,2.667,0,Quiet (<5),False
283,115.2,9.473684210526315,125,1,2434835.243386,1954-04-02,17.081405639648438,,3173,309,4.0,0,Quiet (<5),False
283,115.2,9.473684210526315,754,1,2433236.988839,1949-11-16,12.096420288085938,,3173,309,5.0,1,G1 (5),False
283,115.2,9.473684210526315,772,1,2434445.252886,1953-03-08,15.535320281982422,,3169,286,6.667,2,G2 (6),False
283,115.2,9.473684210526315,897,1,2433237.940974,1949-11-17,11.6773042678833,,3132,288,5.0,1,G1 (5),False
283,115.2,9.473684210526315,1128,1,2433266.839642,1949-12-16,11.643850326538086,,3168,285,4.333,0,Quiet (<5),False
284,129.6,9.473684210526315,82,1,2433684.745835,1951-02-07,12.529404640197754,,3145,283,6.0,2,G2 (6),True
286,158.4,9.473684210526315,251,1,2433470.593366,1950-07-08,9.83308219909668,,2985,265,3.667,0,Quiet (<5),False
292,244.8,9.473684210526315,202,1,2433458.624724,1950-06-26,16.63178062438965,,3167,292,6.333,2,G2 (6),False
292,244.8,9.473684210526315,491,1,2434124.900949,1952-04-22,11.17897891998291,,3167,292,8.333,4,G4-G5 (>=8),True
295,288.0,9.473684210526315,79,1,2433458.81716,1950-06-26,14.213196754455566,,3794,348,6.333,2,G2 (6),False
295,288.0,9.473684210526315,210,1,2433092.686933,1949-06-25,12.282869338989258,,3794,348,4.0,0,Quiet (<5),False
295,288.0,9.473684210526315,276,1,2433446.777178,1950-06-14,14.580912590026855,,3794,348,2.667,0,Quiet (<5),False
295,288.0,9.473684210526315,494,1,2433085.672713,1949-06-18,11.951854705810547,,3738,346,4.333,0,Quiet (<5),False
295,288.0,9.473684210526315,534,1,2433446.779956,1950-06-14,12.702335357666016,,3738,346,2.667,0,Quiet (<5),False
295,288.0,9.473684210526315,604,1,2434207.684038,1952-07-14,15.383126258850098,,3738,346,3.667,0,Quiet (<5),False
295,288.0,9.473684210526315,636,1,2434268.3236,1952-09-12,13.986612319946289,,3795,349,4.667,0,Quiet (<5),False
295,288.0,9.473684210526315,887,1,2434268.323604,1952-09-12,13.788034439086914,,3795,349,4.667,0,Quiet (<5),False
295,288.0,9.473684210526315,1133,1,2433124.766185,1949-07-27,11.891227722167969,,3795,349,3.667,0,Quiet (<5),False
295,288.0,9.473684210526315,1204,1,2433448.788756,1950-06-16,14.88184642791748,,3794,348,3.667,0,Quiet (<5),False
295,288.0,9.473684210526315,1218,1,2434563.697796,1953-07-05,12.314352989196777,,3794,348,4.333,0,Quiet (<5),False
295,288.0,9.473684210526315,1226,1,2434272.316522,1952-09-16,16.11502456665039,,3795,349,5.0,1,G1 (5),False
295,288.0,9.473684210526315,1309,1,2434563.670791,1953-07-05,11.94081974029541,,3739,347,4.333,0,Quiet (<5),False
295,288.0,9.473684210526315,1354,1,2433124.736421,1949-07-27,11.73373031616211,,3773,350,3.667,0,Quiet (<5),False
295,288.0,9.473684210526315,1657,1,2433060.81169,1949-05-24,13.901314735412598,,3759,346,3.0,0,Quiet (<5),False
295,288.0,9.473684210526315,1702,1,2433118.775771,1949-07-21,10.050362586975098,,3760,347,4.0,0,Quiet (<5),False
295,288.0,9.473684210526315,1734,1,2433085.672704,1949-06-18,11.74421501159668,,3794,348,4.333,0,Quiet (<5),False
295,288.0,9.473684210526315,1932,1,2434563.697795,1953-07-05,12.463556289672852,,3794,348,4.333,0,Quiet (<5),False
295,288.0,9.473684210526315,2008,1,2433154.669933,1949-08-26,11.265639305114746,,3794,348,2.0,0,Quiet (<5),False
295,288.0,9.473684210526315,2305,1,2433185.550589,1949-09-26,11.65975570678711,,3773,350,5.333,1,G1 (5),False
295,288.0,9.473684210526315,2322,1,2433210.513455,1949-10-21,12.879128456115723,,3738,346,4.0,0,Quiet (<5),False
295,288.0,9.473684210526315,2403,1,2434293.239503,1952-10-07,15.505615234375,,3795,349,6.667,2,G2 (6),False
295,288.0,9.473684210526315,2738,1,2434272.316545,1952-09-16,16.910999298095703,,3795,349,5.0,1,G1 (5),False
295,288.0,9.473684210526315,2815,1,2433124.673404,1949-07-27,11.940699577331543,,3772,349,3.667,0,Quiet (<5),False
295,288.0,9.473684210526315,2876,1,2433124.690014,1949-07-27,10.31502914428711,,3795,349,3.667,0,Quiet (<5),False
295,288.0,9.473684210526315,3105,1,2433154.66095,1949-08-26,11.548973083496094,,3772,349,2.0,0,Quiet (<5),False
295,288.0,9.473684210526315,3304,1,2433481.651349,1950-07-19,15.183512687683105,,3772,349,2.667,0,Quiet (<5),False
295,288.0,9.473684210526315,3419,1,2433092.686924,1949-06-25,14.666376113891602,,3794,348,4.0,0,Quiet (<5),False
295,288.0,9.473684210526315,3666,1,2433085.672713,1949-06-18,11.766873359680176,,3759,346,4.333,0,Quiet (<5),False
295,288.0,9.473684210526315,3826,1,2434135.465885,1952-05-02,12.342119216918945,,3795,349,6.667,2,G2 (6),True
295,288.0,9.473684210526315,3888,1,2434268.323614,1952-09-12,13.619996070861816,,3795,349,4.667,0,Quiet (<5),False
295,288.0,9.473684210526315,3963,1,2433124.736417,1949-07-27,10.609466552734375,,3795,349,3.667,0,Quiet (<5),False
295,288.0,9.473684210526315,4222,1,2433124.766179,1949-07-27,11.857563018798828,,3760,347,3.667,0,Quiet (<5),False
295,288.0,9.473684210526315,4312,1,2433124.673379,1949-07-27,12.349342346191406,,3759,346,3.667,0,Quiet (<5),False
295,288.0,9.473684210526315,4414,1,2434272.31654,1952-09-16,16.410099029541016,,3795,349,5.0,1,G1 (5),False
295,288.0,9.473684210526315,4474,1,2433154.660958,1949-08-26,11.125621795654297,,3772,349,2.0,0,Quiet (<5),False
295,288.0,9.473684210526315,4570,1,2434135.465887,1952-05-02,12.343330383300781,,3760,347,6.667,2,G2 (6),True
295,288.0,9.473684210526315,4650,1,2433085.672702,1949-06-18,12.004505157470703,,3759,346,4.333,0,Quiet (<5),False
295,288.0,9.473684210526315,4684,1,2433154.669963,1949-08-26,11.497879028320312,,3772,349,2.0,0,Quiet (<5),False
295,288.0,9.473684210526315,4736,1,2433446.77718,1950-06-14,15.076318740844727,,3772,349,2.667,0,Quiet (<5),False
295,288.0,9.473684210526315,4767,1,2433150.662907,1949-08-22,11.721330642700195,,3739,347,3.333,0,Quiet (<5),False
295,288.0,9.473684210526315,4851,1,2434135.465861,1952-05-02,12.39000129699707,,3795,349,6.667,2,G2 (6),True
296,302.40000000000003,9.473684210526315,841,1,2433070.471419,1949-06-02,13.202619552612305,,3688,366,6.0,2,G2 (6),False
296,302.40000000000003,9.473684210526315,933,1,2433073.50187,1949-06-06,14.597537994384766,,3650,360,6.667,2,G2 (6),False
296,302.40000000000003,9.473684210526315,996,1,2433187.609256,1949-09-28,12.39370346069336,,3651,361,4.667,0,Quiet (<5),False
296,302.40000000000003,9.473684210526315,1304,1,2434193.901074,1952-06-30,10.124523162841797,,3651,361,8.0,4,G4-G5 (>=8),False
296,302.40000000000003,9.473684210526315,1372,1,2434209.791466,1952-07-16,11.91297721862793,,3689,367,4.0,0,Quiet (<5),False
296,302.40000000000003,9.473684210526315,1453,1,2433454.403346,1950-06-21,15.240281105041504,,3650,360,3.333,0,Quiet (<5),False
296,302.40000000000003,9.473684210526315,1503,1,2433853.697443,1951-07-26,16.2879695892334,,3651,361,5.0,1,G1 (5),False
296,302.40000000000003,9.473684210526315,1668,1,2433454.403346,1950-06-21,15.931867599487305,,3650,360,3.333,0,Quiet (<5),False
296,302.40000000000003,9.473684210526315,1676,1,2433871.549233,1951-08-13,12.68984317779541,,3689,367,5.667,1,G1 (5),False
296,302.40000000000003,9.473684210526315,1716,1,2433120.381323,1949-07-22,16.944866180419922,,3688,366,4.0,0,Quiet (<5),False
296,302.40000000000003,9.473684210526315,1737,1,2433089.571347,1949-06-22,14.578019142150879,,3650,360,3.667,0,Quiet (<5),False
296,302.40000000000003,9.473684210526315,1781,1,2433454.403347,1950-06-21,15.811188697814941,,3650,360,3.333,0,Quiet (<5),False
296,302.40000000000003,9.473684210526315,2439,1,2433152.775503,1949-08-24,12.665680885314941,,3651,361,2.667,0,Quiet (<5),False
296,302.40000000000003,9.473684210526315,2512,1,2433120.381324,1949-07-22,16.86738395690918,,3688,366,4.0,0,Quiet (<5),False
296,302.40000000000003,9.473684210526315,2576,1,2433454.403333,1950-06-21,16.01290512084961,,3650,360,3.333,0,Quiet (<5),False
296,302.40000000000003,9.473684210526315,2775,1,2433398.603711,1950-04-27,14.99477767944336,,3688,366,3.667,0,Quiet (<5),False
296,302.40000000000003,9.473684210526315,2787,1,2433073.501853,1949-06-06,15.049538612365723,,3709,366,6.667,2,G2 (6),False
296,302.40000000000003,9.473684210526315,2812,1,2433454.403351,1950-06-21,14.887137413024902,,3653,359,3.333,0,Quiet (<5),False
296,302.40000000000003,9.473684210526315,2980,1,2433454.403353,1950-06-21,12.66593074798584,,3650,360,3.333,0,Quiet (<5),False
297,316.8,9.473684210526315,318,1,2433216.520441,1949-10-27,15.975595474243164,,3395,337,6.0,2,G2 (6),False
297,316.8,9.473684210526315,409,1,2434273.733196,1952-09-18,15.286443710327148,,3410,333,3.333,0,Quiet (<5),False
298,331.2,9.473684210526315,285,1,2433152.81761,1949-08-24,12.10725212097168,,3344,369,2.667,0,Quiet (<5),False
299,345.6,9.473684210526315,190,1,2433232.664252,1949-11-12,11.983723640441895,,2730,304,5.333,1,G1 (5),False
300,0.0,15.78947368421052,111,1,2433101.550953,1949-07-04,16.020299911499023,,3191,397,2.0,0,Quiet (<5),False
302,28.8,15.78947368421052,191,1,2433889.941936,1951-08-31,12.010759353637695,,3096,428,4.0,0,Quiet (<5),False
306,86.4,15.78947368421052,168,1,2433239.393495,1949-11-18,14.501072883605957,,3875,366,5.0,1,G1 (5),False
306,86.4,15.78947368421052,1015,1,2434093.268275,1952-03-21,16.916040420532227,,3875,366,5.667,1,G1 (5),False
306,86.4,15.78947368421052,1734,1,2434088.274114,1952-03-16,13.999114036560059,,3876,367,4.333,0,Quiet (<5),False
306,86.4,15.78947368421052,1984,1,2433977.398919,1951-11-26,10.437108993530273,,3851,368,4.667,0,Quiet (<5),False
307,100.8,15.78947368421052,98,1,2434810.258566,1954-03-08,17.65034294128418,,3985,391,4.0,0,Quiet (<5),False
307,100.8,15.78947368421052,144,1,2432950.570379,1949-02-03,15.645979881286621,,3985,391,4.667,0,Quiet (<5),False
307,100.8,15.78947368421052,254,1,2434781.303303,1954-02-07,16.754356384277344,,3986,392,2.667,0,Quiet (<5),False
307,100.8,15.78947368421052,275,1,2433975.847096,1951-11-25,13.409738540649414,,3986,392,4.667,0,Quiet (<5),False
307,100.8,15.78947368421052,327,1,2434769.322861,1954-01-26,17.591787338256836,,3985,391,2.667,0,Quiet (<5),False
307,100.8,15.78947368421052,413,1,2432937.712418,1949-01-21,16.027315139770508,,3985,391,4.333,0,Quiet (<5),False
307,100.8,15.78947368421052,449,1,2434810.258577,1954-03-08,16.895124435424805,,3985,391,4.0,0,Quiet (<5),False
307,100.8,15.78947368421052,466,1,2434769.322862,1954-01-26,17.349714279174805,,3985,391,2.667,0,Quiet (<5),False
307,100.8,15.78947368421052,549,1,2434769.322856,1954-01-26,17.225011825561523,,3985,391,2.667,0,Quiet (<5),False
307,100.8,15.78947368421052,675,1,2434769.322861,1954-01-26,17.43267822265625,,3985,391,2.667,0,Quiet (<5),False
307,100.8,15.78947368421052,681,1,2434810.258556,1954-03-08,17.6197452545166,,3985,391,4.0,0,Quiet (<5),False
307,100.8,15.78947368421052,813,1,2434810.258569,1954-03-08,17.249774932861328,,3985,391,4.0,0,Quiet (<5),False
307,100.8,15.78947368421052,940,1,2434810.258553,1954-03-08,17.616127014160156,,3985,391,4.0,0,Quiet (<5),False
307,100.8,15.78947368421052,1143,1,2433347.563342,1950-03-07,13.514801025390625,,3986,392,5.0,1,G1 (5),False
307,100.8,15.78947368421052,1144,1,2434810.258564,1954-03-08,17.554607391357422,,3985,391,4.0,0,Quiet (<5),False
307,100.8,15.78947368421052,1306,1,2434810.258582,1954-03-08,17.24016571044922,,3943,395,4.0,0,Quiet (<5),False
307,100.8,15.78947368421052,1366,1,2433677.569683,1951-01-31,14.860074996948242,,3985,391,6.667,2,G2 (6),True
307,100.8,15.78947368421052,1397,1,2434809.30569,1954-03-07,17.368471145629883,,3985,391,4.0,0,Quiet (<5),False
307,100.8,15.78947368421052,2063,1,2434769.322865,1954-01-26,17.562484741210938,,3943,395,2.667,0,Quiet (<5),False
307,100.8,15.78947368421052,2131,1,2433247.854616,1949-11-27,11.923616409301758,,3986,392,3.667,0,Quiet (<5),False
307,100.8,15.78947368421052,2408,1,2434810.29113,1954-03-08,16.83719825744629,,3943,395,4.0,0,Quiet (<5),False
307,100.8,15.78947368421052,2538,1,2433247.514267,1949-11-27,-7.297331809997559,,3986,392,3.667,0,Quiet (<5),False
308,115.2,15.78947368421052,357,1,2433655.687651,1951-01-09,15.317580223083496,,3304,320,3.0,0,Quiet (<5),False
308,115.2,15.78947368421052,464,1,2433599.854546,1950-11-14,13.919907569885254,,3304,320,5.333,1,G1 (5),False
314,201.6,15.78947368421052,50,1,2433717.911149,1951-03-12,10.237812042236328,,2839,306,5.667,1,G1 (5),False
318,259.2,15.78947368421052,148,1,2433090.774894,1949-06-23,11.38949203491211,,4116,432,3.667,0,Quiet (<5),False
319,273.6,15.78947368421052,251,1,2433090.715366,1949-06-23,15.179071426391602,,3551,253,3.667,0,Quiet (<5),False
319,273.6,15.78947368421052,610,1,2433881.575856,1951-08-23,13.240169525146484,,3580,260,6.333,2,G2 (6),False
319,273.6,15.78947368421052,704,1,2433428.770826,1950-05-27,15.016029357910156,,3552,254,7.0,3,G3 (7),False
319,273.6,15.78947368421052,712,1,2434213.692101,1952-07-20,13.057319641113281,,3580,260,5.667,1,G1 (5),False
319,273.6,15.78947368421052,887,1,2434271.289536,1952-09-15,11.625876426696777,,3551,253,5.0,1,G1 (5),False
319,273.6,15.78947368421052,1116,1,2434213.642237,1952-07-20,13.587869644165039,,3551,253,5.667,1,G1 (5),False
319,273.6,15.78947368421052,1327,1,2433428.770824,1950-05-27,14.842196464538574,,3581,261,7.0,3,G3 (7),False
319,273.6,15.78947368421052,1767,1,2433070.737432,1949-06-03,14.17779541015625,,3556,255,5.0,1,G1 (5),False
319,273.6,15.78947368421052,2130,1,2433070.737446,1949-06-03,14.17176342010498,,3581,261,5.0,1,G1 (5),False
320,288.0,15.78947368421052,2,1,2434135.498908,1952-05-02,12.567867279052734,,5072,485,6.667,2,G2 (6),True
320,288.0,15.78947368421052,464,1,2434245.5866,1952-08-21,13.160259246826172,,5072,485,4.333,0,Quiet (<5),False
320,288.0,15.78947368421052,505,1,2434601.378607,1953-08-11,17.442461013793945,,5072,485,5.0,1,G1 (5),True
320,288.0,15.78947368421052,536,1,2434562.704298,1953-07-04,14.787138938903809,,5072,485,4.667,0,Quiet (<5),False
320,288.0,15.78947368421052,675,1,2433894.593789,1951-09-05,13.758681297302246,,5072,485,4.667,0,Quiet (<5),False
320,288.0,15.78947368421052,751,1,2433158.645441,1949-08-30,12.641447067260742,,5072,485,3.333,0,Quiet (<5),False
320,288.0,15.78947368421052,892,1,2434245.586613,1952-08-21,12.81316089630127,,5072,485,4.333,0,Quiet (<5),False
320,288.0,15.78947368421052,1307,1,2434135.498895,1952-05-02,12.520743370056152,,5072,485,6.667,2,G2 (6),True
320,288.0,15.78947368421052,1311,1,2433425.498359,1950-05-23,16.10630226135254,,5072,485,5.333,1,G1 (5),False
320,288.0,15.78947368421052,1547,1,2434272.316466,1952-09-16,16.964231491088867,,5072,485,5.0,1,G1 (5),False
320,288.0,15.78947368421052,1657,1,2434247.687009,1952-08-23,12.656730651855469,,5072,485,4.0,0,Quiet (<5),False
320,288.0,15.78947368421052,1719,1,2433085.636478,1949-06-18,11.828193664550781,,5073,486,4.333,0,Quiet (<5),False
320,288.0,15.78947368421052,1762,1,2434563.670413,1953-07-05,12.999588966369629,,5072,485,4.333,0,Quiet (<5),False
320,288.0,15.78947368421052,1888,1,2434564.639306,1953-07-06,13.190032958984375,,5072,485,4.667,0,Quiet (<5),False
320,288.0,15.78947368421052,1890,1,2434248.619133,1952-08-24,12.399346351623535,,5072,485,4.0,0,Quiet (<5),False
320,288.0,15.78947368421052,2053,1,2434551.736531,1953-06-23,12.733404159545898,,5073,486,3.667,0,Quiet (<5),False
320,288.0,15.78947368421052,2197,1,2433124.658872,1949-07-27,15.83081340789795,,5072,485,3.667,0,Quiet (<5),False
320,288.0,15.78947368421052,2395,1,2434236.30661,1952-08-11,15.600966453552246,,5072,485,4.333,0,Quiet (<5),False
320,288.0,15.78947368421052,2475,1,2434564.73626,1953-07-06,11.196503639221191,,5072,485,4.667,0,Quiet (<5),False
320,288.0,15.78947368421052,2543,1,2433480.33319,1950-07-17,14.686249732971191,,5072,485,4.0,0,Quiet (<5),False
320,288.0,15.78947368421052,2854,1,2434564.639302,1953-07-06,13.46744441986084,,5072,485,4.667,0,Quiet (<5),False
320,288.0,15.78947368421052,2947,1,2433186.543571,1949-09-27,14.858445167541504,,5072,485,5.0,1,G1 (5),False
320,288.0,15.78947368421052,3059,1,2434225.388912,1952-07-31,13.918821334838867,,5072,485,4.333,0,Quiet (<5),False
320,288.0,15.78947368421052,3157,1,2434245.586597,1952-08-21,12.964327812194824,,5072,485,4.333,0,Quiet (<5),False
320,288.0,15.78947368421052,3230,1,2434564.692961,1953-07-06,13.912311553955078,,5072,485,4.667,0,Quiet (<5),False
320,288.0,15.78947368421052,3331,1,2433480.333176,1950-07-17,14.79236125946045,,5072,485,4.0,0,Quiet (<5),False
320,288.0,15.78947368421052,3597,1,2434236.306603,1952-08-11,15.415018081665039,,5072,485,4.333,0,Quiet (<5),False
320,288.0,15.78947368421052,3599,1,2434283.605819,1952-09-28,12.473075866699219,,5065,461,6.0,2,G2 (6),False
320,288.0,15.78947368421052,3790,1,2434135.482265,1952-05-02,15.941948890686035,,5072,485,6.667,2,G2 (6),True
320,288.0,15.78947368421052,3963,1,2434220.672305,1952-07-27,13.120755195617676,,5065,461,4.333,0,Quiet (<5),False
320,288.0,15.78947368421052,4119,1,2433154.688438,1949-08-26,10.148767471313477,,5072,485,2.0,0,Quiet (<5),False
320,288.0,15.78947368421052,4146,1,2434563.670404,1953-07-05,13.457145690917969,,5072,485,4.333,0,Quiet (<5),False
320,288.0,15.78947368421052,4243,1,2433170.63239,1949-09-11,12.623952865600586,,5072,485,3.667,0,Quiet (<5),False
320,288.0,15.78947368421052,4414,1,2433012.583408,1949-04-06,16.54697036743164,,5072,485,2.667,0,Quiet (<5),False
320,288.0,15.78947368421052,4727,1,2433422.561072,1950-05-21,17.295000076293945,,5065,461,3.333,0,Quiet (<5),False
320,288.0,15.78947368421052,4738,1,2434149.791239,1952-05-17,15.357863426208496,,5072,485,3.0,0,Quiet (<5),False
320,288.0,15.78947368421052,4924,1,2433399.61541,1950-04-28,14.393966674804688,,5072,485,4.333,0,Quiet (<5),False
320,288.0,15.78947368421052,5000,1,2434247.575487,1952-08-23,12.630690574645996,,5072,485,4.0,0,Quiet (<5),False
321,302.40000000000003,15.78947368421052,143,1,2433477.806006,1950-07-15,11.616658210754395,,3934,354,5.0,1,G1 (5),False
321,302.40000000000003,15.78947368421052,230,1,2433446.755334,1950-06-14,13.231115341186523,,3933,353,2.667,0,Quiet (<5),False
321,302.40000000000003,15.78947368421052,327,1,2433124.775619,1949-07-27,11.92185115814209,,3934,354,3.667,0,Quiet (<5),False
321,302.40000000000003,15.78947368421052,470,1,2433843.759589,1951-07-16,13.285347938537598,,3933,353,5.667,1,G1 (5),False
321,302.40000000000003,15.78947368421052,967,1,2433843.759588,1951-07-16,14.187467575073242,,3933,353,5.667,1,G1 (5),False
322,316.8,15.78947368421052,746,1,2433426.620885,1950-05-25,16.18569564819336,,3913,411,5.333,1,G1 (5),False
322,316.8,15.78947368421052,1172,1,2433430.643519,1950-05-29,15.507692337036133,,3892,409,7.0,3,G3 (7),False
323,331.2,15.78947368421052,454,1,2433592.545249,1950-11-07,16.409299850463867,,3366,336,3.333,0,Quiet (<5),False
326,14.4,22.10526315789474,286,1,2433568.766673,1950-10-14,12.196246147155762,,2571,355,6.0,2,G2 (6),False
329,57.6,22.10526315789474,166,1,2434004.671126,1951-12-24,12.233403205871582,,3045,277,5.333,1,G1 (5),False
329,57.6,22.10526315789474,242,1,2433215.81275,1949-10-26,11.799478530883789,,3136,273,5.0,1,G1 (5),False
329,57.6,22.10526315789474,277,1,2433177.860126,1949-09-18,12.032757759094238,,3136,273,3.667,0,Quiet (<5),False
330,72.0,22.10526315789474,134,1,2433185.981171,1949-09-26,10.526951789855957,,2797,269,5.333,1,G1 (5),False
330,72.0,22.10526315789474,155,1,2433181.979429,1949-09-22,12.524602890014648,,2797,269,2.667,0,Quiet (<5),False
330,72.0,22.10526315789474,358,1,2433927.99436,1951-10-08,9.963114738464355,,2758,267,6.667,2,G2 (6),False
330,72.0,22.10526315789474,368,1,2433215.966207,1949-10-26,11.101555824279785,,2867,275,5.0,1,G1 (5),False
330,72.0,22.10526315789474,407,1,2433241.736084,1949-11-21,13.610000610351562,,2866,274,6.333,2,G2 (6),False
331,86.4,22.10526315789474,615,1,2433215.965229,1949-10-26,11.58969497680664,,3508,321,5.0,1,G1 (5),False
331,86.4,22.10526315789474,1064,1,2433264.808443,1949-12-14,11.24899673461914,,3446,324,3.667,0,Quiet (<5),False
331,86.4,22.10526315789474,1408,1,2433652.319652,1951-01-05,17.092029571533203,,3507,320,5.0,1,G1 (5),False
331,86.4,22.10526315789474,1586,1,2433240.90258,1949-11-20,12.849230766296387,,3508,321,6.333,2,G2 (6),False
332,100.8,22.10526315789474,68,1,2433236.878988,1949-11-16,12.60401439666748,,3111,304,5.0,1,G1 (5),False
332,100.8,22.10526315789474,139,1,2433217.893074,1949-10-28,10.453163146972656,,3111,304,6.0,2,G2 (6),False
332,100.8,22.10526315789474,664,1,2432946.690946,1949-01-30,15.716158866882324,,3110,303,2.667,0,Quiet (<5),False
332,100.8,22.10526315789474,723,1,2433241.784171,1949-11-21,11.74655818939209,,3110,303,6.333,2,G2 (6),False
332,100.8,22.10526315789474,960,1,2433210.860771,1949-10-21,12.82107925415039,,3110,303,4.0,0,Quiet (<5),False
332,100.8,22.10526315789474,1208,1,2433212.86173,1949-10-23,14.005884170532227,,3111,304,5.667,1,G1 (5),False
332,100.8,22.10526315789474,1296,1,2433267.667947,1949-12-17,12.187525749206543,,3110,303,4.333,0,Quiet (<5),False
332,100.8,22.10526315789474,1309,1,2433687.577823,1951-02-10,15.005293846130371,,3111,304,5.333,1,G1 (5),False
332,100.8,22.10526315789474,1423,1,2433187.939822,1949-09-28,11.7535982131958,,3110,303,4.667,0,Quiet (<5),False
332,100.8,22.10526315789474,1652,1,2433356.206331,1950-03-15,11.453859329223633,,3091,312,5.667,1,G1 (5),False
375,0.0,34.736842105263165,190,1,2433183.65663,1949-09-24,15.449348449707031,,3843,373,5.333,1,G1 (5),False
376,14.4,34.736842105263165,97,1,2433568.765204,1950-10-14,10.252331733703613,,3369,378,6.0,2,G2 (6),False
376,14.4,34.736842105263165,148,1,2433593.610337,1950-11-08,10.775077819824219,,3369,378,3.333,0,Quiet (<5),False
376,14.4,34.736842105263165,344,1,2433155.81594,1949-08-27,13.99077033996582,,3368,377,3.333,0,Quiet (<5),False
379,57.6,34.736842105263165,875,1,2434659.944458,1953-10-09,10.773274421691895,,3378,241,4.667,0,Quiet (<5),False
381,86.4,34.736842105263165,109,1,2433588.717787,1950-11-03,14.378976821899414,,3574,291,6.0,2,G2 (6),False
381,86.4,34.736842105263165,810,1,2433603.877718,1950-11-18,12.422406196594238,,3573,290,4.667,0,Quiet (<5),False
382,100.8,34.736842105263165,333,1,2434687.760311,1953-11-06,10.822572708129883,,3144,287,4.0,0,Quiet (<5),False
382,100.8,34.736842105263165,677,1,2434008.592533,1951-12-28,14.761841773986816,,3143,286,7.0,3,G3 (7),False
383,115.2,34.736842105263165,471,1,2433711.553497,1951-03-06,16.205965042114258,,2808,277,5.0,1,G1 (5),False
385,144.0,34.736842105263165,84,1,2434066.71582,1952-02-24,10.28562068939209,,2566,272,7.0,3,G3 (7),False
387,172.8,34.736842105263165,7,1,2433654.010039,1951-01-07,12.732439994812012,,2601,310,3.667,0,Quiet (<5),False
387,172.8,34.736842105263165,80,1,2433706.829656,1951-03-01,12.079029083251953,,2601,310,7.0,3,G3 (7),False
389,201.6,34.736842105263165,123,1,2434899.034247,1954-06-05,13.212855339050293,,2041,277,3.333,0,Quiet (<5),False
392,244.8,34.736842105263165,193,1,2434186.655183,1952-06-23,14.525445938110352,,2606,274,5.0,1,G1 (5),False
393,259.2,34.736842105263165,245,1,2433780.806275,1951-05-14,13.151129722595215,,2694,249,4.333,0,Quiet (<5),False
394,273.6,34.736842105263165,309,1,2433752.948988,1951-04-16,13.726326942443848,,2190,195,4.667,0,Quiet (<5),False
394,273.6,34.736842105263165,739,1,2433041.806424,1949-05-05,13.159038543701172,,2502,214,7.0,3,G3 (7),False
394,273.6,34.736842105263165,846,1,2433074.722809,1949-06-07,13.737162590026855,,2501,213,6.333,2,G2 (6),False
394,273.6,34.736842105263165,1013,1,2433442.771067,1950-06-10,12.86085319519043,,2502,214,5.333,1,G1 (5),False
395,288.0,34.736842105263165,292,1,2433861.609215,1951-08-03,15.398280143737793,,2889,211,6.0,2,G2 (6),False
395,288.0,34.736842105263165,302,1,2433179.560484,1949-09-20,12.704598426818848,,2888,210,2.0,0,Quiet (<5),False
395,288.0,34.736842105263165,363,1,2433882.649411,1951-08-24,13.272137641906738,,2889,211,6.0,2,G2 (6),False
395,288.0,34.736842105263165,443,1,2435033.500455,1954-10-18,15.368327140808105,,2889,211,5.667,1,G1 (5),True
395,288.0,34.736842105263165,540,1,2435688.645141,1956-08-03,13.954446792602539,,2889,211,4.0,0,Quiet (<5),False
395,288.0,34.736842105263165,630,1,2433146.623779,1949-08-18,13.375508308410645,,2888,210,4.0,0,Quiet (<5),False
395,288.0,34.736842105263165,793,1,2433112.759138,1949-07-15,12.533056259155273,,3198,222,4.333,0,Quiet (<5),False
395,288.0,34.736842105263165,815,1,2435688.645146,1956-08-03,13.886738777160645,,2889,211,4.0,0,Quiet (<5),False
395,288.0,34.736842105263165,1072,1,2433861.60922,1951-08-03,15.29409122467041,,2889,211,6.0,2,G2 (6),False
395,288.0,34.736842105263165,1088,1,2435033.500445,1954-10-18,14.955324172973633,,2889,211,5.667,1,G1 (5),True
395,288.0,34.736842105263165,1116,1,2435577.260686,1956-04-13,15.217656135559082,,2889,211,4.0,0,Quiet (<5),False
395,288.0,34.736842105263165,1487,1,2435688.645127,1956-08-03,13.856047630310059,,2889,211,4.0,0,Quiet (<5),False
395,288.0,34.736842105263165,1499,1,2433861.609208,1951-08-03,14.776891708374023,,2889,211,6.0,2,G2 (6),False
395,288.0,34.736842105263165,1550,1,2433470.748854,1950-07-08,13.037296295166016,,2889,211,3.667,0,Quiet (<5),False
395,288.0,34.736842105263165,1748,1,2435033.500466,1954-10-18,15.155370712280273,,3198,222,5.667,1,G1 (5),True
395,288.0,34.736842105263165,1846,1,2433428.764377,1950-05-27,12.951452255249023,,2888,210,7.0,3,G3 (7),False
395,288.0,34.736842105263165,2232,1,2435722.610943,1956-09-06,14.349662780761719,,3198,222,4.667,0,Quiet (<5),False
395,288.0,34.736842105263165,2353,1,2435033.500472,1954-10-18,15.310537338256836,,3198,222,5.667,1,G1 (5),True
395,288.0,34.736842105263165,2621,1,2435688.645152,1956-08-03,14.193537712097168,,2889,211,4.0,0,Quiet (<5),False
395,288.0,34.736842105263165,2666,1,2435033.500468,1954-10-18,14.612624168395996,,3198,222,5.667,1,G1 (5),True
395,288.0,34.736842105263165,2684,1,2433861.609207,1951-08-03,15.221558570861816,,2889,211,6.0,2,G2 (6),False
395,288.0,34.736842105263165,3027,1,2435688.645159,1956-08-03,13.878549575805664,,2889,211,4.0,0,Quiet (<5),False
395,288.0,34.736842105263165,3059,1,2433831.638496,1951-07-04,14.892900466918945,,2889,211,7.667,3,G3 (7),False
395,288.0,34.736842105263165,3086,1,2433112.759143,1949-07-15,11.850154876708984,,2889,211,4.333,0,Quiet (<5),False
395,288.0,34.736842105263165,3096,1,2433831.638472,1951-07-04,15.464261054992676,,2889,211,7.667,3,G3 (7),False
395,288.0,34.736842105263165,3141,1,2435033.500465,1954-10-18,15.46542739868164,,3198,222,5.667,1,G1 (5),True
395,288.0,34.736842105263165,3165,1,2435688.645147,1956-08-03,15.137226104736328,,2889,211,4.0,0,Quiet (<5),False
395,288.0,34.736842105263165,3223,1,2433831.638486,1951-07-04,15.297712326049805,,2889,211,7.667,3,G3 (7),False
395,288.0,34.736842105263165,3263,1,2433467.706768,1950-07-05,12.586402893066406,,3197,221,6.0,2,G2 (6),False
395,288.0,34.736842105263165,3274,1,2433831.638459,1951-07-04,15.191640853881836,,2889,211,7.667,3,G3 (7),False
395,288.0,34.736842105263165,3684,1,2435688.645147,1956-08-03,14.86030387878418,,2889,211,4.0,0,Quiet (<5),False
395,288.0,34.736842105263165,3697,1,2435033.500478,1954-10-18,14.742716789245605,,3198,222,5.667,1,G1 (5),True
395,288.0,34.736842105263165,3742,1,2435686.64094,1956-08-01,14.66330623626709,,2889,211,4.667,0,Quiet (<5),False
396,302.40000000000003,34.736842105263165,192,1,2434249.561508,1952-08-25,15.804096221923828,,4405,304,4.0,0,Quiet (<5),False
396,302.40000000000003,34.736842105263165,229,1,2434234.601215,1952-08-10,17.063949584960938,,4405,304,4.333,0,Quiet (<5),False
396,302.40000000000003,34.736842105263165,289,1,2434694.476559,1953-11-12,13.921669006347656,,4405,304,4.333,0,Quiet (<5),False
396,302.40000000000003,34.736842105263165,517,1,2434234.601222,1952-08-10,13.993562698364258,,4405,304,4.333,0,Quiet (<5),False
396,302.40000000000003,34.736842105263165,1057,1,2434249.5615,1952-08-25,14.421472549438477,,4405,304,4.0,0,Quiet (<5),False
396,302.40000000000003,34.736842105263165,1626,1,2434249.56151,1952-08-25,16.882953643798828,,4405,304,4.0,0,Quiet (<5),False
396,302.40000000000003,34.736842105263165,1706,1,2434290.496626,1952-10-04,17.305265426635742,,4405,304,6.667,2,G2 (6),True
396,302.40000000000003,34.736842105263165,1728,1,2434244.753204,1952-08-20,14.309757232666016,,4405,304,5.0,1,G1 (5),False
396,302.40000000000003,34.736842105263165,1985,1,2434249.56152,1952-08-25,17.93416404724121,,4405,304,4.0,0,Quiet (<5),False
396,302.40000000000003,34.736842105263165,2067,1,2434249.56151,1952-08-25,16.78549575805664,,4405,304,4.0,0,Quiet (<5),False
396,302.40000000000003,34.736842105263165,2248,1,2434249.561505,1952-08-25,16.855308532714844,,4405,304,4.0,0,Quiet (<5),False
396,302.40000000000003,34.736842105263165,2546,1,2434244.753204,1952-08-20,12.855308532714844,,4405,304,5.0,1,G1 (5),False
396,302.40000000000003,34.736842105263165,2585,1,2434249.561526,1952-08-25,17.071260452270508,,4405,304,4.0,0,Quiet (<5),False
396,302.40000000000003,34.736842105263165,2684,1,2433171.542444,1949-09-12,12.317976951599121,,4405,304,5.667,1,G1 (5),False
396,302.40000000000003,34.736842105263165,2784,1,2434290.524347,1952-10-05,15.095785140991211,,4405,304,6.667,2,G2 (6),False
396,302.40000000000003,34.736842105263165,2857,1,2434249.561501,1952-08-25,16.734920501708984,,4405,304,4.0,0,Quiet (<5),False
396,302.40000000000003,34.736842105263165,2868,1,2434244.753201,1952-08-20,15.535117149353027,,4405,304,5.0,1,G1 (5),False
396,302.40000000000003,34.736842105263165,2961,1,2434249.561517,1952-08-25,16.825912475585938,,4405,304,4.0,0,Quiet (<5),False
396,302.40000000000003,34.736842105263165,3133,1,2434244.753198,1952-08-20,15.145926475524902,,4405,304,5.0,1,G1 (5),False
396,302.40000000000003,34.736842105263165,3427,1,2434238.639784,1952-08-14,13.672310829162598,,4405,304,5.0,1,G1 (5),False
396,302.40000000000003,34.736842105263165,3638,1,2433154.621872,1949-08-26,14.3810453414917,,4405,304,2.0,0,Quiet (<5),False
396,302.40000000000003,34.736842105263165,3705,1,2434249.561522,1952-08-25,16.5755672454834,,4405,304,4.0,0,Quiet (<5),False
396,302.40000000000003,34.736842105263165,3740,1,2434290.587027,1952-10-05,13.082592964172363,,4406,305,6.667,2,G2 (6),False
396,302.40000000000003,34.736842105263165,3770,1,2434668.535216,1953-10-18,14.162879943847656,,4406,305,6.0,2,G2 (6),False
396,302.40000000000003,34.736842105263165,3861,1,2433371.869205,1950-03-31,17.226207733154297,,4405,304,4.667,0,Quiet (<5),False
396,302.40000000000003,34.736842105263165,4074,1,2434249.561489,1952-08-25,14.73795223236084,,4405,304,4.0,0,Quiet (<5),False
396,302.40000000000003,34.736842105263165,4076,1,2433154.252857,1949-08-25,14.17404556274414,,4406,305,1.667,0,Quiet (<5),False
396,302.40000000000003,34.736842105263165,4340,1,2434244.753193,1952-08-20,14.952066421508789,,4405,304,5.0,1,G1 (5),False
396,302.40000000000003,34.736842105263165,4429,1,2434245.157654,1952-08-20,14.714277267456055,,4406,305,5.0,1,G1 (5),False
396,302.40000000000003,34.736842105263165,4489,1,2434251.591681,1952-08-27,14.795207023620605,,4491,325,4.0,0,Quiet (<5),False
396,302.40000000000003,34.736842105263165,4524,1,2434244.753221,1952-08-20,15.117734909057617,,4491,325,5.0,1,G1 (5),False
396,302.40000000000003,34.736842105263165,4564,1,2433113.754619,1949-07-16,12.278672218322754,,4492,326,5.0,1,G1 (5),False
397,316.8,34.736842105263165,666,1,2434273.557471,1952-09-18,13.2941255569458,,3937,304,3.333,0,Quiet (<5),False
397,316.8,34.736842105263165,932,1,2433082.734373,1949-06-15,11.579829216003418,,3938,305,6.0,2,G2 (6),False
397,316.8,34.736842105263165,1434,1,2433940.523534,1951-10-21,13.487449645996094,,3938,305,6.0,2,G2 (6),True
397,316.8,34.736842105263165,2269,1,2433559.635897,1950-10-05,13.49584674835205,,3842,306,6.667,2,G2 (6),False
397,316.8,34.736842105263165,2585,1,2433470.748258,1950-07-08,13.022564888000488,,3841,305,3.667,0,Quiet (<5),False
397,316.8,34.736842105263165,2812,1,2433599.531717,1950-11-14,13.709489822387695,,3938,305,5.333,1,G1 (5),False
397,316.8,34.736842105263165,4204,1,2433450.785174,1950-06-18,15.072683334350586,,3937,304,4.0,0,Quiet (<5),False
398,331.2,34.736842105263165,39,1,2433118.896846,1949-07-21,11.971963882446289,,3911,338,4.0,0,Quiet (<5),False
398,331.2,34.736842105263165,410,1,2433232.607947,1949-11-12,13.479162216186523,,3911,338,5.333,1,G1 (5),False
398,331.2,34.736842105263165,471,1,2433096.777549,1949-06-29,17.25174331665039,,3911,338,3.667,0,Quiet (<5),False
398,331.2,34.736842105263165,1186,1,2433599.532821,1950-11-14,15.193426132202148,,3910,337,5.333,1,G1 (5),False
399,345.6,34.736842105263165,231,1,2434309.659065,1952-10-24,14.398998260498047,,3638,345,2.667,0,Quiet (<5),False
399,345.6,34.736842105263165,424,1,2433125.898369,1949-07-28,12.18437671661377,,3637,344,3.0,0,Quiet (<5),False
400,0.0,41.05263157894737,376,1,2433865.81464,1951-08-07,15.06370735168457,,4113,347,4.333,0,Quiet (<5),False
401,14.4,41.05263157894737,220,1,2433201.770238,1949-10-12,13.159043312072754,,4444,385,4.333,0,Quiet (<5),False
404,57.6,41.05263157894737,40,1,2433540.994845,1950-09-16,11.189569473266602,,3758,247,5.333,1,G1 (5),False
404,57.6,41.05263157894737,513,1,2434007.713257,1951-12-27,14.759926795959473,,3715,244,4.667,0,Quiet (<5),False
405,72.0,41.05263157894737,28,1,2433960.534448,1951-11-10,13.058435440063477,,4033,260,4.0,0,Quiet (<5),False
405,72.0,41.05263157894737,438,1,2434007.62249,1951-12-27,12.916993141174316,,4033,260,4.667,0,Quiet (<5),False
405,72.0,41.05263157894737,492,1,2433600.706645,1950-11-15,15.266410827636719,,4033,260,4.333,0,Quiet (<5),False
405,72.0,41.05263157894737,984,1,2433600.706642,1950-11-15,15.062989234924316,,4033,260,4.333,0,Quiet (<5),False
405,72.0,41.05263157894737,1953,1,2433956.837595,1951-11-06,16.0645694732666,,3521,255,5.333,1,G1 (5),True
405,72.0,41.05263157894737,2043,1,2433296.572532,1950-01-15,13.096022605895996,,3620,254,4.333,0,Quiet (<5),False
405,72.0,41.05263157894737,2565,1,2433296.572557,1950-01-15,12.683637619018555,,4034,261,4.333,0,Quiet (<5),False
405,72.0,41.05263157894737,2779,1,2434007.710441,1951-12-27,11.682092666625977,,3521,255,4.667,0,Quiet (<5),False
406,86.4,41.05263157894737,120,1,2433301.616396,1950-01-20,14.621026992797852,,3736,279,4.333,0,Quiet (<5),False
406,86.4,41.05263157894737,174,1,2433604.876894,1950-11-19,16.579143524169922,,3737,280,4.667,0,Quiet (<5),False
406,86.4,41.05263157894737,979,1,2433626.6439,1950-12-11,12.252909660339355,,3736,279,3.333,0,Quiet (<5),False
406,86.4,41.05263157894737,1052,1,2433600.836364,1950-11-15,15.105438232421875,,3710,277,4.333,0,Quiet (<5),False
406,86.4,41.05263157894737,1791,1,2433347.562079,1950-03-07,13.269246101379395,,3739,278,5.0,1,G1 (5),False
409,129.6,41.05263157894737,111,1,2433604.874519,1950-11-19,15.013508796691895,,2901,252,4.667,0,Quiet (<5),False
411,158.4,41.05263157894737,41,1,2433735.722258,1951-03-30,11.387957572937012,,2643,283,5.333,1,G1 (5),False
414,201.6,41.05263157894737,78,1,2433472.627758,1950-07-10,13.853075981140137,,2237,274,3.667,0,Quiet (<5),False
415,216.0,41.05263157894737,85,1,2432974.838332,1949-02-27,13.769185066223145,,2477,286,5.333,1,G1 (5),False
420,288.0,41.05263157894737,436,1,2436079.58481,1957-08-29,12.077961921691895,,3574,254,6.667,2,G2 (6),False
420,288.0,41.05263157894737,520,1,2433470.748274,1950-07-08,15.623847007751465,,3575,255,3.667,0,Quiet (<5),False
420,288.0,41.05263157894737,738,1,2436079.584809,1957-08-29,10.235403060913086,,3574,254,6.667,2,G2 (6),False
420,288.0,41.05263157894737,766,1,2433442.770148,1950-06-10,15.535828590393066,,3509,242,5.333,1,G1 (5),False
420,288.0,41.05263157894737,952,1,2433775.795323,1951-05-09,16.3350772857666,,3574,254,7.333,3,G3 (7),True
420,288.0,41.05263157894737,1065,1,2434977.714405,1954-08-23,16.40848731994629,,3509,242,5.0,1,G1 (5),False
420,288.0,41.05263157894737,1083,1,2433840.734966,1951-07-13,12.944384574890137,,3575,255,3.333,0,Quiet (<5),False
420,288.0,41.05263157894737,1305,1,2433070.727437,1949-06-03,17.39181137084961,,3492,242,5.0,1,G1 (5),False
420,288.0,41.05263157894737,1852,1,2434245.714074,1952-08-21,12.802664756774902,,3572,257,4.333,0,Quiet (<5),False
420,288.0,41.05263157894737,2100,1,2433777.796902,1951-05-11,16.30562400817871,,3509,242,7.333,3,G3 (7),False
420,288.0,41.05263157894737,2292,1,2434243.721286,1952-08-19,13.539668083190918,,3574,254,5.333,1,G1 (5),False
420,288.0,41.05263157894737,2301,1,2433883.610972,1951-08-25,14.418537139892578,,3572,257,6.0,2,G2 (6),False
421,302.40000000000003,41.05263157894737,12,1,2433190.544394,1949-10-01,16.077617645263672,,5291,323,4.667,0,Quiet (<5),False
421,302.40000000000003,41.05263157894737,193,1,2433192.549042,1949-10-03,17.928258895874023,,5290,322,4.0,0,Quiet (<5),False
421,302.40000000000003,41.05263157894737,966,1,2433509.61865,1950-08-16,14.247197151184082,,5290,322,5.333,1,G1 (5),False
421,302.40000000000003,41.05263157894737,974,1,2433066.692429,1949-05-30,15.687533378601074,,5290,322,6.667,2,G2 (6),False
421,302.40000000000003,41.05263157894737,979,1,2434719.45472,1953-12-07,13.720907211303711,,5292,343,3.0,0,Quiet (<5),False
421,302.40000000000003,41.05263157894737,1098,1,2433442.783732,1950-06-10,16.0477237701416,,5292,343,5.333,1,G1 (5),False
421,302.40000000000003,41.05263157894737,1355,1,2433190.544404,1949-10-01,16.179332733154297,,5293,344,4.667,0,Quiet (<5),False
421,302.40000000000003,41.05263157894737,2967,1,2433444.79672,1950-06-12,14.98183536529541,,5292,343,4.0,0,Quiet (<5),False
421,302.40000000000003,41.05263157894737,2987,1,2433864.66357,1951-08-06,13.770171165466309,,5293,344,4.333,0,Quiet (<5),False
421,302.40000000000003,41.05263157894737,3196,1,2433191.566348,1949-10-02,17.257234573364258,,5292,343,4.667,0,Quiet (<5),False
421,302.40000000000003,41.05263157894737,3533,1,2433066.692451,1949-05-30,15.679524421691895,,5290,322,6.667,2,G2 (6),False
421,302.40000000000003,41.05263157894737,3575,1,2433191.543351,1949-10-02,14.736403465270996,,5293,344,4.667,0,Quiet (<5),False
421,302.40000000000003,41.05263157894737,3783,1,2433191.543351,1949-10-02,10.955587387084961,,5293,344,4.667,0,Quiet (<5),False
421,302.40000000000003,41.05263157894737,3956,1,2433509.618644,1950-08-16,13.833516120910645,,5290,322,5.333,1,G1 (5),False
421,302.40000000000003,41.05263157894737,4012,1,2433148.6784,1949-08-20,16.01360321044922,,5243,349,3.333,0,Quiet (<5),False
421,302.40000000000003,41.05263157894737,4058,1,2433444.796709,1950-06-12,15.078018188476562,,5242,348,4.0,0,Quiet (<5),False
421,302.40000000000003,41.05263157894737,4630,1,2433148.6784,1949-08-20,10.543766021728516,,5243,349,3.333,0,Quiet (<5),False
421,302.40000000000003,41.05263157894737,5303,1,2433113.754098,1949-07-16,11.090417861938477,,5243,349,5.0,1,G1 (5),False
421,302.40000000000003,41.05263157894737,5351,1,2433237.477998,1949-11-16,15.810105323791504,,5290,322,5.0,1,G1 (5),False
421,302.40000000000003,41.05263157894737,5815,1,2433117.685246,1949-07-20,13.788103103637695,,5242,348,4.0,0,Quiet (<5),False
421,302.40000000000003,41.05263157894737,6388,1,2433854.670343,1951-07-27,16.76259994506836,,5293,344,5.0,1,G1 (5),False
421,302.40000000000003,41.05263157894737,6567,1,2434717.489393,1953-12-05,11.970907211303711,,5291,323,4.0,0,Quiet (<5),False
421,302.40000000000003,41.05263157894737,6800,1,2433864.663575,1951-08-06,14.673498153686523,,5242,348,4.333,0,Quiet (<5),False
421,302.40000000000003,41.05263157894737,6879,1,2433066.692437,1949-05-30,17.024919509887695,,5290,322,6.667,2,G2 (6),False
421,302.40000000000003,41.05263157894737,7110,1,2433066.795608,1949-05-30,16.92463493347168,,5290,322,6.667,2,G2 (6),False
421,302.40000000000003,41.05263157894737,7113,1,2433156.577509,1949-08-28,13.259387016296387,,5290,322,3.333,0,Quiet (<5),False
421,302.40000000000003,41.05263157894737,7233,1,2433882.578723,1951-08-24,16.33580207824707,,5291,323,6.0,2,G2 (6),False
421,302.40000000000003,41.05263157894737,7768,1,2433191.566373,1949-10-02,15.880420684814453,,5243,349,4.667,0,Quiet (<5),False
421,302.40000000000003,41.05263157894737,7821,1,2433191.566373,1949-10-02,13.52414321899414,,5243,349,4.667,0,Quiet (<5),False
422,316.8,41.05263157894737,365,1,2434243.606626,1952-08-19,12.896245002746582,,4114,307,5.333,1,G1 (5),False
422,316.8,41.05263157894737,1252,1,2433914.565962,1951-09-25,14.823641777038574,,4512,315,8.333,4,G4-G5 (>=8),True
422,316.8,41.05263157894737,1655,1,2434276.542654,1952-09-21,14.04809284210205,,4462,309,5.667,1,G1 (5),False
423,331.2,41.05263157894737,756,1,2433836.787036,1951-07-09,14.544173240661621,,4751,334,4.0,0,Quiet (<5),False
423,331.2,41.05263157894737,1425,1,2434272.615168,1952-09-17,15.613435745239258,,4751,334,3.333,0,Quiet (<5),False
424,345.6,41.05263157894737,1147,1,2434242.777154,1952-08-18,12.244498252868652,,4215,347,5.333,1,G1 (5),False
425,0.0,47.368421052631575,173,1,2433293.528885,1950-01-12,15.688281059265137,,4954,376,3.667,0,Quiet (<5),False
425,0.0,47.368421052631575,214,1,2433239.631245,1949-11-19,16.275585174560547,,4954,376,6.333,2,G2 (6),False
425,0.0,47.368421052631575,439,1,2433507.946134,1950-08-14,12.007431030273438,,4936,380,5.333,1,G1 (5),False
425,0.0,47.368421052631575,1023,1,2433561.64682,1950-10-07,15.87445068359375,,4953,375,5.0,1,G1 (5),False
425,0.0,47.368421052631575,1180,1,2433537.847014,1950-09-13,11.854973793029785,,4954,376,5.333,1,G1 (5),False
425,0.0,47.368421052631575,1270,1,2434244.759129,1952-08-20,12.159082412719727,,4953,375,5.0,1,G1 (5),False
